{
	"list" : [


{
			"text" : "Sanitärmodul mit Frontverkleidung aus Glas und Seitenverkleidung aus Aluminium gebürstet"
		},

{
			"text" : "Aluminium gebürstet"
		},
 
 
{
			"text" : "Selbsttragend"
		},
 
{
			"text" : "Ausgleich von Bautoleranzen"
		},
 
{
			"text" : "Höhenausgleich ± 1 cm"
		},
 
{
			"text" : "2-Mengen-Spülung"
		},
 
{
			"text" : "Spülmenge einstellbar"
		},
 
{
			"text" : "Unterputzspülkasten schwitzwassergedämmt"
		},
 
{
			"text" : "Wasseranschluss unten"
		},
 
{
			"text" : "Wasseranschluss seitlich möglich"
		},
 
{
			"text" : "Soft-Touch-Tasten für Spülauslösung und Geruchsabsaugung"
		},
 
{
			"text" : "ComfortLight und Geruchsabsaugung aktivieren sich beim Herantreten"
		},
 
{
			"text" : "ComfortLight in sieben Farben einstellbar"
		},
 
{
			"text" : "Erfassungsbereich der Benutzererkennung einstellbar"
		},
 
{
			"text" : "Tag- und Nachterkennung für ComfortLight einstellbar"
		},
 
{
			"text" : "Geruchsabsaugung mit Filtration im Spülkasten integriert"
		},
 
{
			"text" : "Automatisches Ausschalten der Geruchsabsaugung nach vordefinierter Laufzeit"
		},
 
{
			"text" : "Netzanschluss mit dreiadriger flexibler Mantelleitung"
		}

	]
}
