{
	"list" : [
		{
			"text" : "Für den Einbau bei Renovationen oder Neubauten!"
		},
		{
			"text" : "Zum Austausch von Stand-WC mit aufgesetztem Aufputzspülkasten"
		},
		{
			"text" : "Zum Austausch tiefhängender Aufputzspülkasten"
		},
		{
			"text" : "Für den Einbau bei Renovationen oder Neubauten!"
		},
		{
			"text" : "Zum Austausch von Stand-WC mit aufgesetztem Aufputzspülkasten"
		},
		{
			"text" : "Zum Austausch tiefhängender Aufputzspülkasten"
		},
		{
			"text" : "Für den Einbau bei Renovationen oder Neubauten!"
		},
		{
			"text" : "Zum Austausch von Stand-WC mit aufgesetztem Aufputzspülkasten"
		},
		{
			"text" : "Zum Austausch tiefhängender Aufputzspülkasten"
		}
	]

}