{
	"new" : {
		"text" : "New",
		"url" : ""
	},
	"sale" : {
		"text" : "Sale",
		"url" : ""
	},
	"categories" : [
		{
			"text" : "Women",
			"url" : "",
			"children" : [
				{ "$ref": "category-1.json"	},
				{ "$ref": "category-2.json" },
				{ "$ref": "category-1.json"	},
				{ "$ref": "category-2.json" },
				{ "$ref": "category-1.json"	},
				{ "$ref": "category-2.json" },
				{ "$ref": "category-1.json"	},
				{ "$ref": "category-2.json" },
				{ "$ref": "category-1.json"	},
				{ "$ref": "category-2.json" },
				{ "$ref": "category-1.json"	},
				{ "$ref": "category-2.json" },
				{ "$ref": "category-1.json"	},
				{ "$ref": "category-2.json" },
				{ "$ref": "category-1.json"	},
				{ "$ref": "category-2.json" },
				{ "$ref": "category-1.json"	},
				{ "$ref": "category-2.json" },
				{ "$ref": "category-1.json"	},
				{ "$ref": "category-2.json" },
				{ "$ref": "category-1.json"	},
				{ "$ref": "category-2.json" },
				{ "$ref": "category-1.json"	},
				{ "$ref": "category-2.json" }
			]
		},
		{
			"text" : "Men",
			"url" : "",
			"children" : [
				{ "$ref": "category-3.json" },
				{ "$ref": "category-2.json" },
				{ "$ref": "category-3.json" },
				{ "$ref": "category-2.json" },
				{ "$ref": "category-3.json" },
				{ "$ref": "category-2.json" }
			]
		},
		{
			"text" : "Accessories",
			"url" : "",
			"children" : [
				{ "$ref": "category-1.json"	},
				{ "$ref": "category-2.json" },
				{ "$ref": "category-1.json"	},
				{ "$ref": "category-2.json" },
				{ "$ref": "category-1.json"	},
				{ "$ref": "category-2.json" }
			]
		}
	],
	"brands" : {
		"text" : "Brands",
		"url" : "",
		"children" : [
				{ "$ref": "category-3.json" },
				{ "$ref": "category-2.json" },
				{ "$ref": "category-3.json" },
				{ "$ref": "category-2.json" },
				{ "$ref": "category-3.json" },
				{ "$ref": "category-2.json" }
		]
	}
}