{
    "list" : [
        {
            "text" : "January",
            "value" : "1",
            "selected" : false
        },
        {
            "text" : "February",
            "value" : "2",
            "selected" : false
        },
        {
            "text" : "March",
            "value" : "3",
            "selected" : false
        },
        {
            "text" : "April",
            "value" : "4",
            "selected" : false
        },
        {
            "text" : "May",
            "value" : "5",
            "selected" : false
        },
        {
            "text" : "June",
            "value" : "6",
            "selected" : false
        },
        {
            "text" : "July",
            "value" : "7",
            "selected" : false
        },
        {
            "text" : "August",
            "value" : "8",
            "selected" : false
        },
        {
            "text" : "September",
            "value" : "9",
            "selected" : false
        },
        {
            "text" : "October",
            "value" : "10",
            "selected" : false
        },
        {
            "text" : "November",
            "value" : "11",
            "selected" : false
        },
        {
            "text" : "December",
            "value" : "12",
            "selected" : false
        }
    ]
}
