{
    "productId": "85fdf3ce-06bf-4c85-af6e-e190a2633ad5",
    "variantId": 1,
    "description": "Lorem ipsum dolor sit amet, consectetuer adipiscing elit. Donec odio. Quisque volutpat mattis eros. Nullam malesuada erat ut turpis. Lorem ipsum dolor sit amet, consectetuer adipiscing elit. Donec odio. Quisque volutpat mattis eros. Nullam malesuada erat ut turpis. Lorem ipsum dolor sit amet, consectetuer adipiscing elit. Donec odio. Quisque volutpat mattis eros. Nullam malesuada erat ut turpis. Lorem ipsum dolor sit amet, consectetuer adipiscing elit. Donec odio. Quisque volutpat mattis eros. Nullam malesuada erat ut turpis.",
    "rating3": true,
    "details": {
        "$ref": "pdp/product-details.json"
    },
    "gallery": {
        "$ref": "pdp/product-gallery.json"
    },
    "variant": {
        "$ref": "../common/product-variant-1.json"
    },
    "variants": {
        "red-S": {
            "id": "variant1",
            "url": "pdp.html?var=1"
        },
        "red-M": {
            "id": "variant2",
            "url": "pdp.html?var=2"
        },
        "red-L": {
            "id": "variant3",
            "url": "pdp.html?var=3"
        },
        "blue-S": {
            "id": "variant4",
            "url": "pdp.html?var=4"
        },
        "blue-L": {
            "id": "variant5",
            "url": "pdp.html?var=5"
        },
        "green-S": {
            "id": "variant6",
            "url": "pdp.html?var=6"
        },
        "green-M": {
            "id": "variant7",
            "url": "pdp.html?var=7"
        }
    },
    "variantIdentifiers": [
        "color",
        "size"
    ],
    "attributes": [
        {
            "name": "Color",
            "key": "color",
            "reload": true,
            "list": [
                {
                    "label": "Red",
                    "value": "red",
                    "selected": false
                },
                {
                    "label": "Navy Blue",
                    "value": "blue",
                    "selected": true
                },
                {
                    "label": "Green",
                    "value": "green",
                    "selected": false
                }
            ],
            "selectData": {
                "red": {
                    "size": [
                        "S",
                        "M",
                        "L"
                    ]
                },
                "blue": {
                    "size": [
                        "S",
                        "L"
                    ]
                },
                "green": {
                    "size": [
                        "S",
                        "M"
                    ]
                }
            }
        },
        {
            "name": "Size",
            "key": "size",
            "list": [
                {
                    "label": "S",
                    "value": "S",
                    "selected": false
                },
                {
                    "label": "M",
                    "value": "M",
                    "selected": true
                },
                {
                    "label": "L",
                    "value": "L",
                    "selected": false
                }
            ],
            "selectData": {
                "S": {
                    "color": [
                        "red",
                        "blue",
                        "green"
                    ]
                },
                "M": {
                    "color": [
                        "red",
                        "green"
                    ]
                },
                "L": {
                    "color": [
                        "red",
                        "blue"
                    ]
                }
            }
        }
    ],
    "availability": "available",
    "topapplications" : {
        "$ref": "pdp/product-top-applications.json"
    },
    "productdescription":  {
        "$ref": "pdp/product-description.json"
    },
    "technicalData":  {
        "$ref": "pdp/product-technical-data.json"
    },
    "applications": {
        "$ref": "pdp/product-applications.json"
    },
    "deliveryContents": {
        "$ref": "pdp/product-delivery-contents.json"
    },
    "highlights": {
        "$ref": "pdp/product-highlights.json"
    },
    "assembling": {
        "$ref": "pdp/product-assembling.json"  
    }
}
