{
  "header": {
    "title": "Sunrise - Checkout Page",
    "customerServiceNumber": "+12 345 6000"
  },
  "footer": {},
  "content": {
    "ifYouHaveAccountTitle": "If you have an account, please sign in for faster checkout.",
    "emailTitle": "Email Address",
    "passwordTitle": "Password",
    "rememberMeTitle": "Remember Me",
    "forgotPasswordTitle": "Forgot Password",
    "quickCheckoutBtn": "Quick Checkout",
    "guestCheckoutTitle": "Guest Checkout",
    "guestCheckoutParagraph1": "No problem, you do not need to create an account to place an order.",
    "guestCheckoutParagraph2": "To make future purchases even faster, you will have the option of creating an acocount during checkout.",
    "continueGuestBtn": "Continue As Guest"
  },
  "meta": {
    "assetsPath": "../../assets/",
    "csrfToken": "Test123",
    "bagQuantityOptions": [
      1,
      2,
      3,
      4,
      5,
      6,
      7,
      8,
      9
    ],
    "_links": {
      "self": {
        "href": "#"
      },
      "selectLanguage": {
        "href": "language.html"
      },
      "selectCountry": {
        "href": "country.html"
      },
      "newsletter": {
        "href": "newsletter.html"
      },
      "contactUs": {
        "href": "contactus.html"
      },
      "help": {
        "href": "help.html"
      },
      "shipping": {
        "href": "shipping.html"
      },
      "returns": {
        "href": "returns.html"
      },
      "sizeGuide": {
        "href": "sizeguide.html"
      },
      "ourStory": {
        "href": "ourstory.html"
      },
      "careers": {
        "href": "careers.html"
      },
      "storeLocator": {
        "href": "stores.html"
      },
      "giftCards": {
        "href": "giftcards.html"
      },
      "payment": {
        "href": "payment.html"
      },
      "imprint": {
        "href": "imprint.html"
      },
      "privacyPolicy": {
        "href": "privacy.html"
      },
      "termsOfUse": {
        "href": "terms.html"
      },
      "home": {
        "href": "home.html"
      },
      "newProducts": {
        "href": "pop.html"
      },
      "search": {
        "href": "pop.html"
      },
      "addToCart": {
        "href": "cart.html"
      },
      "addToWishlist": {
        "href": "wishlist.html"
      },
      "addReview": {
        "href": "pdp.html"
      },
      "signIn": {
        "href": "my-account-login.html"
      },
      "logInSubmit": {
        "href": "my-account-personal-details.html"
      },
      "signUpSubmit": {
        "href": "my-account-personal-details.html"
      },
      "myAccount": {
        "href": "my-account-personal-details.html"
      },
      "myPersonalDetails": {
        "href": "my-account-personal-details.html"
      },
      "changePassword": {
        "href": "my-account-change-password.html"
      },
      "myAddressBook": {
        "href": "my-account-address-book.html"
      },
      "myAddressBookAddAddress": {
        "href": "my-account-new-address.html"
      },
      "myAddressBookAddAddressSubmit": {
        "href": "my-account-address-book.html"
      },
      "myAddressBookEditAddressSubmit": {
        "href": "my-account-address-book.html"
      },
      "myOrders": {
        "href": "my-account-my-orders.html"
      },
      "checkout": {
        "href": "checkout-shipping.html"
      },
      "checkoutConfirmation": {
        "href": "checkout-confirmation.html"
      },
      "checkoutConfirmationSubmit": {
        "href": "checkout-thankyou.html"
      },
      "checkoutThankYou": {
        "href": "checkout-thankyou.html"
      },
      "cart": {
        "href": "cart.html"
      },
      "deleteLineItem": {
        "href": "cart.html"
      },
      "changeLineItem": {
        "href": "cart.html"
      },
      "editShippingAddress": {
        "href": "checkout-shipping.html"
      },
      "editBillingAddress": {
        "href": "checkout-shipping.html"
      },
      "checkoutAddressesSubmit": {
        "href": "checkout-payment.html"
      },
      "editPaymentInfo": {
        "href": "checkout-payment.html"
      },
      "checkoutPaymentSubmit": {
        "href": "checkout-confirmation.html"
      },
      "editShippingMethod": {
        "href": "checkout-shipping.html#shipping-methods-setting"
      },
      "continueShopping": {
        "href": "pop.html"
      }
    },
    "features": {
      "myAccount": {
        "active": false
      },
      "cartDiscounts": {
        "active": false
      }
    }
  }
}