{
  "header": {
    "title": "Sunrise - Checkout Page",
    "customerServiceNumber": "+12 345 6000"
  },
  "footer": {},
  "content": {
    "stepWidget": {
      "shippingStepActive": true
    },
    "addressFormSettings": {
      "titleShipping": {
        "list": [
          {
            "label": "Mr.",
            "value": "Mr.",
            "selected": true
          },
          {
            "label": "Mrs.",
            "value": "Mrs.",
            "selected": false
          },
          {
            "label": "Ms.",
            "value": "Ms.",
            "selected": false
          },
          {
            "label": "Dr.",
            "value": "Dr.",
            "selected": false
          }
        ]
      },
      "titleBilling": {
        "list": [
          {
            "label": "Mr.",
            "value": "Mr.",
            "selected": true
          },
          {
            "label": "Mrs.",
            "value": "Mrs.",
            "selected": false
          },
          {
            "label": "Ms.",
            "value": "Ms.",
            "selected": false
          },
          {
            "label": "Dr.",
            "value": "Dr.",
            "selected": false
          }
        ]
      },
      "countriesShipping": {
        "list": [
          {
            "label": "United Kingdom",
            "value": "UK",
            "selected": true
          },
          {
            "label": "Germany",
            "value": "DE",
            "selected": false
          },
          {
            "label": "France",
            "value": "FR",
            "selected": false
          },
          {
            "label": "Spain",
            "value": "ES",
            "selected": false
          }
        ]
      },
      "countriesBilling": {
        "list": [
          {
            "label": "United Kingdom",
            "value": "UK",
            "selected": true
          },
          {
            "label": "Germany",
            "value": "DE",
            "selected": false
          },
          {
            "label": "France",
            "value": "FR",
            "selected": false
          },
          {
            "label": "Spain",
            "value": "ES",
            "selected": false
          }
        ]
      }
    },
    "addressForm": {
      "billingAddressDifferentToBillingAddress": true,
      "titleShipping": "Mr",
      "firstNameShipping": "John",
      "lastNameShipping": "Smith",
      "streetNameShipping": "Tardisstreet",
      "streetNumberShipping": "1",
      "cityShipping": "London",
      "regionShipping": "London (Region)",
      "postalCodeShipping": "123456",
      "countriesShipping": "UK",
      "phoneShipping": "+49 123 4567899",
      "emailShipping": "thedoctor@commercetools.com",
      "titleBilling": "Mr",
      "firstNameBilling": "John",
      "lastNameBilling": "Smith",
      "streetNameBilling": "Tardisstreet",
      "streetNumberBilling": "1",
      "cityBilling": "London",
      "regionBilling": "London (Region)",
      "postalCodeBilling": "123456",
      "countriesBilling": "UK",
      "phoneBilling": "+49 123 4567899",
      "emailBilling": "thedoctor@commercetools.com"
    },
    "cart": {
      "orderNumber": "01445678",
      "orderDate": "Nov 10, 2015",
      "customerEmail": "thedoctor@commercetools.com",
      "totalPrice": "150.00 €",
      "salesTax": "23.95 €",
      "promoCode": "Sunny Sale",
      "subtotalPrice": "147.00 €",
      "lineItems": {
        "list": [
          {
            "lineItemId": "123456",
            "quantity": 1,
            "totalPrice": "49,00 €",
            "variant": {
              "name": "Enditatem Product Name Optional very long line two",
              "image": "../../assets/img/blue-jacket.jpg",
              "url": "pdp.html",
              "sku": "Sunrise #SUN123456",
              "priceOld": "100,00 €",
              "price": "49,00 €"
            },
            "attributes": [
              {
                "name": "Color",
                "key": "color",
                "value": "Navy Blue"
              },
              {
                "name": "Size",
                "key": "size",
                "value": "M"
              }
            ]
          },
          {
            "lineItemId": "123456",
            "quantity": 1,
            "totalPrice": "49,00 €",
            "variant": {
              "name": "Enditatem Product Name Optional very long line two",
              "image": "../../assets/img/blue-jacket.jpg",
              "url": "pdp.html",
              "sku": "Sunrise #SUN123456",
              "priceOld": "100,00 €",
              "price": "49,00 €"
            },
            "attributes": [
              {
                "name": "Color",
                "key": "color",
                "value": "Navy Blue"
              },
              {
                "name": "Size",
                "key": "size",
                "value": "M"
              }
            ]
          },
          {
            "lineItemId": "123456",
            "quantity": 1,
            "totalPrice": "49,00 €",
            "variant": {
              "name": "Enditatem Product Name Optional very long line two",
              "image": "../../assets/img/blue-jacket.jpg",
              "url": "pdp.html",
              "sku": "Sunrise #SUN123456",
              "priceOld": "100,00 €",
              "price": "49,00 €"
            },
            "attributes": [
              {
                "name": "Color",
                "key": "color",
                "value": "Navy Blue"
              },
              {
                "name": "Size",
                "key": "size",
                "value": "M"
              }
            ]
          }
        ]
      },
      "shippingAddress": {
        "title": "Mr.",
        "firstName": "Bruce",
        "lastName": "Wayne",
        "streetName": "100 Gotham Street",
        "additionalStreetInfo": "Basement",
        "city": "Gotham",
        "region": "NY",
        "postalCode": "11111",
        "country": "United States",
        "email": "someone@somewhere.com",
        "phone": "5555-24-64"
      },
      "billingAddress": {
        "title": "Mrs.",
        "firstName": "Jane",
        "lastName": "Doe",
        "streetName": "404 Ave.",
        "additionalStreetInfo": "Garden house",
        "city": "Berlin",
        "region": "Berlin",
        "postalCode": "80808",
        "country": "Germany",
        "phone": "5555-24-64"
      },
      "shippingMethod": {
        "label": "DHL Standard",
        "value": "dhl-standard",
        "selected": true,
        "deliveryDays": "Delivery: 3-5 Days",
        "url": "",
        "price": "3,00 €",
        "description": "DHL Standard - Delivery 3-5 Days"
      },
      "paymentDetails": {
        "type": "Credit Card",
        "name": "P. Osgood",
        "card": "Visa",
        "number": "**** **** **** **56",
        "date": "09.18"
      }
    }
  },
  "meta": {
    "assetsPath": "../../assets/",
    "csrfToken": "Test123",
    "bagQuantityOptions": [
      1,
      2,
      3,
      4,
      5,
      6,
      7,
      8,
      9
    ],
    "_links": {
      "self": {
        "href": "#"
      },
      "selectLanguage": {
        "href": "language.html"
      },
      "selectCountry": {
        "href": "country.html"
      },
      "newsletter": {
        "href": "newsletter.html"
      },
      "contactUs": {
        "href": "contactus.html"
      },
      "help": {
        "href": "help.html"
      },
      "shipping": {
        "href": "shipping.html"
      },
      "returns": {
        "href": "returns.html"
      },
      "sizeGuide": {
        "href": "sizeguide.html"
      },
      "ourStory": {
        "href": "ourstory.html"
      },
      "careers": {
        "href": "careers.html"
      },
      "storeLocator": {
        "href": "stores.html"
      },
      "giftCards": {
        "href": "giftcards.html"
      },
      "payment": {
        "href": "payment.html"
      },
      "imprint": {
        "href": "imprint.html"
      },
      "privacyPolicy": {
        "href": "privacy.html"
      },
      "termsOfUse": {
        "href": "terms.html"
      },
      "home": {
        "href": "home.html"
      },
      "newProducts": {
        "href": "pop.html"
      },
      "search": {
        "href": "pop.html"
      },
      "addToCart": {
        "href": "cart.html"
      },
      "addToWishlist": {
        "href": "wishlist.html"
      },
      "addReview": {
        "href": "pdp.html"
      },
      "signIn": {
        "href": "my-account-login.html"
      },
      "logInSubmit": {
        "href": "my-account-personal-details.html"
      },
      "signUpSubmit": {
        "href": "my-account-personal-details.html"
      },
      "myAccount": {
        "href": "my-account-personal-details.html"
      },
      "myPersonalDetails": {
        "href": "my-account-personal-details.html"
      },
      "changePassword": {
        "href": "my-account-change-password.html"
      },
      "myAddressBook": {
        "href": "my-account-address-book.html"
      },
      "myAddressBookAddAddress": {
        "href": "my-account-new-address.html"
      },
      "myAddressBookAddAddressSubmit": {
        "href": "my-account-address-book.html"
      },
      "myAddressBookEditAddressSubmit": {
        "href": "my-account-address-book.html"
      },
      "myOrders": {
        "href": "my-account-my-orders.html"
      },
      "checkout": {
        "href": "checkout-shipping.html"
      },
      "checkoutConfirmation": {
        "href": "checkout-confirmation.html"
      },
      "checkoutConfirmationSubmit": {
        "href": "checkout-thankyou.html"
      },
      "checkoutThankYou": {
        "href": "checkout-thankyou.html"
      },
      "cart": {
        "href": "cart.html"
      },
      "deleteLineItem": {
        "href": "cart.html"
      },
      "changeLineItem": {
        "href": "cart.html"
      },
      "editShippingAddress": {
        "href": "checkout-shipping.html"
      },
      "editBillingAddress": {
        "href": "checkout-shipping.html"
      },
      "checkoutAddressesSubmit": {
        "href": "checkout-payment.html"
      },
      "editPaymentInfo": {
        "href": "checkout-payment.html"
      },
      "checkoutPaymentSubmit": {
        "href": "checkout-confirmation.html"
      },
      "editShippingMethod": {
        "href": "checkout-shipping.html#shipping-methods-setting"
      },
      "continueShopping": {
        "href": "pop.html"
      }
    },
    "features": {
      "myAccount": {
        "active": false
      },
      "cartDiscounts": {
        "active": false
      }
    }
  }
}