{
  "header": {
    "title": "Sunrise - Page Title",
    "location": {
      "language": [
        {
          "label": "German",
          "value": "de"
        },
        {
          "label": "English",
          "value": "en",
          "selected": true
        },
        {
          "label": "French",
          "value": "fr"
        }
      ],
      "country": [
        {
          "label": "Germany",
          "value": "DE"
        },
        {
          "label": "United Kingdom (UK)",
          "value": "United Kingdom (UK)",
          "selected": true
        },
        {
          "label": "France",
          "value": "FR"
        }
      ]
    },
    "miniCart": {
      "totalItems": 12,
      "totalPrice": "117,00 €",
      "lineItems": {
        "list": [
          {
            "lineItemId": "123456",
            "quantity": 1,
            "totalPrice": "49,00 €",
            "variant": {
              "name": "Enditatem Product Name Optional very long line two",
              "image": "../../assets/img/blue-jacket.jpg",
              "url": "pdp.html",
              "sku": "Sunrise #SUN123456",
              "priceOld": "100,00 €",
              "price": "49,00 €"
            },
            "attributes": [
              {
                "name": "Color",
                "key": "color",
                "value": "Navy Blue"
              },
              {
                "name": "Size",
                "key": "size",
                "value": "M"
              }
            ]
          },
          {
            "lineItemId": "123456",
            "quantity": 1,
            "totalPrice": "49,00 €",
            "variant": {
              "name": "Enditatem Product Name Optional very long line two",
              "image": "../../assets/img/blue-jacket.jpg",
              "url": "pdp.html",
              "sku": "Sunrise #SUN123456",
              "priceOld": "100,00 €",
              "price": "49,00 €"
            },
            "attributes": [
              {
                "name": "Color",
                "key": "color",
                "value": "Navy Blue"
              },
              {
                "name": "Size",
                "key": "size",
                "value": "M"
              }
            ]
          },
          {
            "lineItemId": "123456",
            "quantity": 1,
            "totalPrice": "49,00 €",
            "variant": {
              "name": "Enditatem Product Name Optional very long line two",
              "image": "../../assets/img/blue-jacket.jpg",
              "url": "pdp.html",
              "sku": "Sunrise #SUN123456",
              "priceOld": "100,00 €",
              "price": "49,00 €"
            },
            "attributes": [
              {
                "name": "Color",
                "key": "color",
                "value": "Navy Blue"
              },
              {
                "name": "Size",
                "key": "size",
                "value": "M"
              }
            ]
          }
        ]
      }
    },
    "navMenu": {
      "new": {
        "text": "New",
        "url": ""
      },
      "sale": {
        "text": "Sale",
        "url": ""
      },
      "categories": [
        {
          "text": "Women",
          "url": "",
          "children": [
            {
              "text": "Belts",
              "url": "",
              "children": [
                {
                  "text": "Basic example",
                  "url": ""
                },
                {
                  "text": "Button toolbar",
                  "url": ""
                },
                {
                  "text": "Sizing",
                  "url": ""
                },
                {
                  "text": "Nesting",
                  "url": ""
                },
                {
                  "text": "Vertical variation",
                  "url": ""
                }
              ]
            },
            {
              "text": "Glasses",
              "url": "",
              "children": [
                {
                  "text": "Lorem",
                  "url": ""
                },
                {
                  "text": "Very long navigation item",
                  "url": ""
                },
                {
                  "text": "Very long navigation items will be truncated",
                  "url": ""
                },
                {
                  "text": "Very long navigation item",
                  "url": ""
                },
                {
                  "text": "Button toolbar",
                  "url": ""
                },
                {
                  "text": "Sizing",
                  "url": ""
                },
                {
                  "text": "Nesting",
                  "url": ""
                },
                {
                  "text": "Very long navigation items will be truncated",
                  "url": ""
                },
                {
                  "text": "Very long navigation item",
                  "url": ""
                }
              ]
            },
            {
              "text": "Belts",
              "url": "",
              "children": [
                {
                  "text": "Basic example",
                  "url": ""
                },
                {
                  "text": "Button toolbar",
                  "url": ""
                },
                {
                  "text": "Sizing",
                  "url": ""
                },
                {
                  "text": "Nesting",
                  "url": ""
                },
                {
                  "text": "Vertical variation",
                  "url": ""
                }
              ]
            },
            {
              "text": "Glasses",
              "url": "",
              "children": [
                {
                  "text": "Lorem",
                  "url": ""
                },
                {
                  "text": "Very long navigation item",
                  "url": ""
                },
                {
                  "text": "Very long navigation items will be truncated",
                  "url": ""
                },
                {
                  "text": "Very long navigation item",
                  "url": ""
                },
                {
                  "text": "Button toolbar",
                  "url": ""
                },
                {
                  "text": "Sizing",
                  "url": ""
                },
                {
                  "text": "Nesting",
                  "url": ""
                },
                {
                  "text": "Very long navigation items will be truncated",
                  "url": ""
                },
                {
                  "text": "Very long navigation item",
                  "url": ""
                }
              ]
            },
            {
              "text": "Belts",
              "url": "",
              "children": [
                {
                  "text": "Basic example",
                  "url": ""
                },
                {
                  "text": "Button toolbar",
                  "url": ""
                },
                {
                  "text": "Sizing",
                  "url": ""
                },
                {
                  "text": "Nesting",
                  "url": ""
                },
                {
                  "text": "Vertical variation",
                  "url": ""
                }
              ]
            },
            {
              "text": "Glasses",
              "url": "",
              "children": [
                {
                  "text": "Lorem",
                  "url": ""
                },
                {
                  "text": "Very long navigation item",
                  "url": ""
                },
                {
                  "text": "Very long navigation items will be truncated",
                  "url": ""
                },
                {
                  "text": "Very long navigation item",
                  "url": ""
                },
                {
                  "text": "Button toolbar",
                  "url": ""
                },
                {
                  "text": "Sizing",
                  "url": ""
                },
                {
                  "text": "Nesting",
                  "url": ""
                },
                {
                  "text": "Very long navigation items will be truncated",
                  "url": ""
                },
                {
                  "text": "Very long navigation item",
                  "url": ""
                }
              ]
            },
            {
              "text": "Belts",
              "url": "",
              "children": [
                {
                  "text": "Basic example",
                  "url": ""
                },
                {
                  "text": "Button toolbar",
                  "url": ""
                },
                {
                  "text": "Sizing",
                  "url": ""
                },
                {
                  "text": "Nesting",
                  "url": ""
                },
                {
                  "text": "Vertical variation",
                  "url": ""
                }
              ]
            },
            {
              "text": "Glasses",
              "url": "",
              "children": [
                {
                  "text": "Lorem",
                  "url": ""
                },
                {
                  "text": "Very long navigation item",
                  "url": ""
                },
                {
                  "text": "Very long navigation items will be truncated",
                  "url": ""
                },
                {
                  "text": "Very long navigation item",
                  "url": ""
                },
                {
                  "text": "Button toolbar",
                  "url": ""
                },
                {
                  "text": "Sizing",
                  "url": ""
                },
                {
                  "text": "Nesting",
                  "url": ""
                },
                {
                  "text": "Very long navigation items will be truncated",
                  "url": ""
                },
                {
                  "text": "Very long navigation item",
                  "url": ""
                }
              ]
            },
            {
              "text": "Belts",
              "url": "",
              "children": [
                {
                  "text": "Basic example",
                  "url": ""
                },
                {
                  "text": "Button toolbar",
                  "url": ""
                },
                {
                  "text": "Sizing",
                  "url": ""
                },
                {
                  "text": "Nesting",
                  "url": ""
                },
                {
                  "text": "Vertical variation",
                  "url": ""
                }
              ]
            },
            {
              "text": "Glasses",
              "url": "",
              "children": [
                {
                  "text": "Lorem",
                  "url": ""
                },
                {
                  "text": "Very long navigation item",
                  "url": ""
                },
                {
                  "text": "Very long navigation items will be truncated",
                  "url": ""
                },
                {
                  "text": "Very long navigation item",
                  "url": ""
                },
                {
                  "text": "Button toolbar",
                  "url": ""
                },
                {
                  "text": "Sizing",
                  "url": ""
                },
                {
                  "text": "Nesting",
                  "url": ""
                },
                {
                  "text": "Very long navigation items will be truncated",
                  "url": ""
                },
                {
                  "text": "Very long navigation item",
                  "url": ""
                }
              ]
            },
            {
              "text": "Belts",
              "url": "",
              "children": [
                {
                  "text": "Basic example",
                  "url": ""
                },
                {
                  "text": "Button toolbar",
                  "url": ""
                },
                {
                  "text": "Sizing",
                  "url": ""
                },
                {
                  "text": "Nesting",
                  "url": ""
                },
                {
                  "text": "Vertical variation",
                  "url": ""
                }
              ]
            },
            {
              "text": "Glasses",
              "url": "",
              "children": [
                {
                  "text": "Lorem",
                  "url": ""
                },
                {
                  "text": "Very long navigation item",
                  "url": ""
                },
                {
                  "text": "Very long navigation items will be truncated",
                  "url": ""
                },
                {
                  "text": "Very long navigation item",
                  "url": ""
                },
                {
                  "text": "Button toolbar",
                  "url": ""
                },
                {
                  "text": "Sizing",
                  "url": ""
                },
                {
                  "text": "Nesting",
                  "url": ""
                },
                {
                  "text": "Very long navigation items will be truncated",
                  "url": ""
                },
                {
                  "text": "Very long navigation item",
                  "url": ""
                }
              ]
            },
            {
              "text": "Belts",
              "url": "",
              "children": [
                {
                  "text": "Basic example",
                  "url": ""
                },
                {
                  "text": "Button toolbar",
                  "url": ""
                },
                {
                  "text": "Sizing",
                  "url": ""
                },
                {
                  "text": "Nesting",
                  "url": ""
                },
                {
                  "text": "Vertical variation",
                  "url": ""
                }
              ]
            },
            {
              "text": "Glasses",
              "url": "",
              "children": [
                {
                  "text": "Lorem",
                  "url": ""
                },
                {
                  "text": "Very long navigation item",
                  "url": ""
                },
                {
                  "text": "Very long navigation items will be truncated",
                  "url": ""
                },
                {
                  "text": "Very long navigation item",
                  "url": ""
                },
                {
                  "text": "Button toolbar",
                  "url": ""
                },
                {
                  "text": "Sizing",
                  "url": ""
                },
                {
                  "text": "Nesting",
                  "url": ""
                },
                {
                  "text": "Very long navigation items will be truncated",
                  "url": ""
                },
                {
                  "text": "Very long navigation item",
                  "url": ""
                }
              ]
            },
            {
              "text": "Belts",
              "url": "",
              "children": [
                {
                  "text": "Basic example",
                  "url": ""
                },
                {
                  "text": "Button toolbar",
                  "url": ""
                },
                {
                  "text": "Sizing",
                  "url": ""
                },
                {
                  "text": "Nesting",
                  "url": ""
                },
                {
                  "text": "Vertical variation",
                  "url": ""
                }
              ]
            },
            {
              "text": "Glasses",
              "url": "",
              "children": [
                {
                  "text": "Lorem",
                  "url": ""
                },
                {
                  "text": "Very long navigation item",
                  "url": ""
                },
                {
                  "text": "Very long navigation items will be truncated",
                  "url": ""
                },
                {
                  "text": "Very long navigation item",
                  "url": ""
                },
                {
                  "text": "Button toolbar",
                  "url": ""
                },
                {
                  "text": "Sizing",
                  "url": ""
                },
                {
                  "text": "Nesting",
                  "url": ""
                },
                {
                  "text": "Very long navigation items will be truncated",
                  "url": ""
                },
                {
                  "text": "Very long navigation item",
                  "url": ""
                }
              ]
            },
            {
              "text": "Belts",
              "url": "",
              "children": [
                {
                  "text": "Basic example",
                  "url": ""
                },
                {
                  "text": "Button toolbar",
                  "url": ""
                },
                {
                  "text": "Sizing",
                  "url": ""
                },
                {
                  "text": "Nesting",
                  "url": ""
                },
                {
                  "text": "Vertical variation",
                  "url": ""
                }
              ]
            },
            {
              "text": "Glasses",
              "url": "",
              "children": [
                {
                  "text": "Lorem",
                  "url": ""
                },
                {
                  "text": "Very long navigation item",
                  "url": ""
                },
                {
                  "text": "Very long navigation items will be truncated",
                  "url": ""
                },
                {
                  "text": "Very long navigation item",
                  "url": ""
                },
                {
                  "text": "Button toolbar",
                  "url": ""
                },
                {
                  "text": "Sizing",
                  "url": ""
                },
                {
                  "text": "Nesting",
                  "url": ""
                },
                {
                  "text": "Very long navigation items will be truncated",
                  "url": ""
                },
                {
                  "text": "Very long navigation item",
                  "url": ""
                }
              ]
            },
            {
              "text": "Belts",
              "url": "",
              "children": [
                {
                  "text": "Basic example",
                  "url": ""
                },
                {
                  "text": "Button toolbar",
                  "url": ""
                },
                {
                  "text": "Sizing",
                  "url": ""
                },
                {
                  "text": "Nesting",
                  "url": ""
                },
                {
                  "text": "Vertical variation",
                  "url": ""
                }
              ]
            },
            {
              "text": "Glasses",
              "url": "",
              "children": [
                {
                  "text": "Lorem",
                  "url": ""
                },
                {
                  "text": "Very long navigation item",
                  "url": ""
                },
                {
                  "text": "Very long navigation items will be truncated",
                  "url": ""
                },
                {
                  "text": "Very long navigation item",
                  "url": ""
                },
                {
                  "text": "Button toolbar",
                  "url": ""
                },
                {
                  "text": "Sizing",
                  "url": ""
                },
                {
                  "text": "Nesting",
                  "url": ""
                },
                {
                  "text": "Very long navigation items will be truncated",
                  "url": ""
                },
                {
                  "text": "Very long navigation item",
                  "url": ""
                }
              ]
            },
            {
              "text": "Belts",
              "url": "",
              "children": [
                {
                  "text": "Basic example",
                  "url": ""
                },
                {
                  "text": "Button toolbar",
                  "url": ""
                },
                {
                  "text": "Sizing",
                  "url": ""
                },
                {
                  "text": "Nesting",
                  "url": ""
                },
                {
                  "text": "Vertical variation",
                  "url": ""
                }
              ]
            },
            {
              "text": "Glasses",
              "url": "",
              "children": [
                {
                  "text": "Lorem",
                  "url": ""
                },
                {
                  "text": "Very long navigation item",
                  "url": ""
                },
                {
                  "text": "Very long navigation items will be truncated",
                  "url": ""
                },
                {
                  "text": "Very long navigation item",
                  "url": ""
                },
                {
                  "text": "Button toolbar",
                  "url": ""
                },
                {
                  "text": "Sizing",
                  "url": ""
                },
                {
                  "text": "Nesting",
                  "url": ""
                },
                {
                  "text": "Very long navigation items will be truncated",
                  "url": ""
                },
                {
                  "text": "Very long navigation item",
                  "url": ""
                }
              ]
            },
            {
              "text": "Belts",
              "url": "",
              "children": [
                {
                  "text": "Basic example",
                  "url": ""
                },
                {
                  "text": "Button toolbar",
                  "url": ""
                },
                {
                  "text": "Sizing",
                  "url": ""
                },
                {
                  "text": "Nesting",
                  "url": ""
                },
                {
                  "text": "Vertical variation",
                  "url": ""
                }
              ]
            },
            {
              "text": "Glasses",
              "url": "",
              "children": [
                {
                  "text": "Lorem",
                  "url": ""
                },
                {
                  "text": "Very long navigation item",
                  "url": ""
                },
                {
                  "text": "Very long navigation items will be truncated",
                  "url": ""
                },
                {
                  "text": "Very long navigation item",
                  "url": ""
                },
                {
                  "text": "Button toolbar",
                  "url": ""
                },
                {
                  "text": "Sizing",
                  "url": ""
                },
                {
                  "text": "Nesting",
                  "url": ""
                },
                {
                  "text": "Very long navigation items will be truncated",
                  "url": ""
                },
                {
                  "text": "Very long navigation item",
                  "url": ""
                }
              ]
            }
          ]
        },
        {
          "text": "Men",
          "url": "",
          "children": [
            {
              "text": "Shoes",
              "url": "",
              "children": [
                {
                  "text": "Basic example",
                  "url": ""
                },
                {
                  "text": "Button toolbar",
                  "url": ""
                },
                {
                  "text": "Sizing",
                  "url": ""
                },
                {
                  "text": "Nesting",
                  "url": ""
                },
                {
                  "text": "Vertical variation",
                  "url": ""
                }
              ]
            },
            {
              "text": "Glasses",
              "url": "",
              "children": [
                {
                  "text": "Lorem",
                  "url": ""
                },
                {
                  "text": "Very long navigation item",
                  "url": ""
                },
                {
                  "text": "Very long navigation items will be truncated",
                  "url": ""
                },
                {
                  "text": "Very long navigation item",
                  "url": ""
                },
                {
                  "text": "Button toolbar",
                  "url": ""
                },
                {
                  "text": "Sizing",
                  "url": ""
                },
                {
                  "text": "Nesting",
                  "url": ""
                },
                {
                  "text": "Very long navigation items will be truncated",
                  "url": ""
                },
                {
                  "text": "Very long navigation item",
                  "url": ""
                }
              ]
            },
            {
              "text": "Shoes",
              "url": "",
              "children": [
                {
                  "text": "Basic example",
                  "url": ""
                },
                {
                  "text": "Button toolbar",
                  "url": ""
                },
                {
                  "text": "Sizing",
                  "url": ""
                },
                {
                  "text": "Nesting",
                  "url": ""
                },
                {
                  "text": "Vertical variation",
                  "url": ""
                }
              ]
            },
            {
              "text": "Glasses",
              "url": "",
              "children": [
                {
                  "text": "Lorem",
                  "url": ""
                },
                {
                  "text": "Very long navigation item",
                  "url": ""
                },
                {
                  "text": "Very long navigation items will be truncated",
                  "url": ""
                },
                {
                  "text": "Very long navigation item",
                  "url": ""
                },
                {
                  "text": "Button toolbar",
                  "url": ""
                },
                {
                  "text": "Sizing",
                  "url": ""
                },
                {
                  "text": "Nesting",
                  "url": ""
                },
                {
                  "text": "Very long navigation items will be truncated",
                  "url": ""
                },
                {
                  "text": "Very long navigation item",
                  "url": ""
                }
              ]
            },
            {
              "text": "Shoes",
              "url": "",
              "children": [
                {
                  "text": "Basic example",
                  "url": ""
                },
                {
                  "text": "Button toolbar",
                  "url": ""
                },
                {
                  "text": "Sizing",
                  "url": ""
                },
                {
                  "text": "Nesting",
                  "url": ""
                },
                {
                  "text": "Vertical variation",
                  "url": ""
                }
              ]
            },
            {
              "text": "Glasses",
              "url": "",
              "children": [
                {
                  "text": "Lorem",
                  "url": ""
                },
                {
                  "text": "Very long navigation item",
                  "url": ""
                },
                {
                  "text": "Very long navigation items will be truncated",
                  "url": ""
                },
                {
                  "text": "Very long navigation item",
                  "url": ""
                },
                {
                  "text": "Button toolbar",
                  "url": ""
                },
                {
                  "text": "Sizing",
                  "url": ""
                },
                {
                  "text": "Nesting",
                  "url": ""
                },
                {
                  "text": "Very long navigation items will be truncated",
                  "url": ""
                },
                {
                  "text": "Very long navigation item",
                  "url": ""
                }
              ]
            }
          ]
        },
        {
          "text": "Accessories",
          "url": "",
          "children": [
            {
              "text": "Belts",
              "url": "",
              "children": [
                {
                  "text": "Basic example",
                  "url": ""
                },
                {
                  "text": "Button toolbar",
                  "url": ""
                },
                {
                  "text": "Sizing",
                  "url": ""
                },
                {
                  "text": "Nesting",
                  "url": ""
                },
                {
                  "text": "Vertical variation",
                  "url": ""
                }
              ]
            },
            {
              "text": "Glasses",
              "url": "",
              "children": [
                {
                  "text": "Lorem",
                  "url": ""
                },
                {
                  "text": "Very long navigation item",
                  "url": ""
                },
                {
                  "text": "Very long navigation items will be truncated",
                  "url": ""
                },
                {
                  "text": "Very long navigation item",
                  "url": ""
                },
                {
                  "text": "Button toolbar",
                  "url": ""
                },
                {
                  "text": "Sizing",
                  "url": ""
                },
                {
                  "text": "Nesting",
                  "url": ""
                },
                {
                  "text": "Very long navigation items will be truncated",
                  "url": ""
                },
                {
                  "text": "Very long navigation item",
                  "url": ""
                }
              ]
            },
            {
              "text": "Belts",
              "url": "",
              "children": [
                {
                  "text": "Basic example",
                  "url": ""
                },
                {
                  "text": "Button toolbar",
                  "url": ""
                },
                {
                  "text": "Sizing",
                  "url": ""
                },
                {
                  "text": "Nesting",
                  "url": ""
                },
                {
                  "text": "Vertical variation",
                  "url": ""
                }
              ]
            },
            {
              "text": "Glasses",
              "url": "",
              "children": [
                {
                  "text": "Lorem",
                  "url": ""
                },
                {
                  "text": "Very long navigation item",
                  "url": ""
                },
                {
                  "text": "Very long navigation items will be truncated",
                  "url": ""
                },
                {
                  "text": "Very long navigation item",
                  "url": ""
                },
                {
                  "text": "Button toolbar",
                  "url": ""
                },
                {
                  "text": "Sizing",
                  "url": ""
                },
                {
                  "text": "Nesting",
                  "url": ""
                },
                {
                  "text": "Very long navigation items will be truncated",
                  "url": ""
                },
                {
                  "text": "Very long navigation item",
                  "url": ""
                }
              ]
            },
            {
              "text": "Belts",
              "url": "",
              "children": [
                {
                  "text": "Basic example",
                  "url": ""
                },
                {
                  "text": "Button toolbar",
                  "url": ""
                },
                {
                  "text": "Sizing",
                  "url": ""
                },
                {
                  "text": "Nesting",
                  "url": ""
                },
                {
                  "text": "Vertical variation",
                  "url": ""
                }
              ]
            },
            {
              "text": "Glasses",
              "url": "",
              "children": [
                {
                  "text": "Lorem",
                  "url": ""
                },
                {
                  "text": "Very long navigation item",
                  "url": ""
                },
                {
                  "text": "Very long navigation items will be truncated",
                  "url": ""
                },
                {
                  "text": "Very long navigation item",
                  "url": ""
                },
                {
                  "text": "Button toolbar",
                  "url": ""
                },
                {
                  "text": "Sizing",
                  "url": ""
                },
                {
                  "text": "Nesting",
                  "url": ""
                },
                {
                  "text": "Very long navigation items will be truncated",
                  "url": ""
                },
                {
                  "text": "Very long navigation item",
                  "url": ""
                }
              ]
            }
          ]
        }
      ],
      "brands": {
        "text": "Brands",
        "url": "",
        "children": [
          {
            "text": "Shoes",
            "url": "",
            "children": [
              {
                "text": "Basic example",
                "url": ""
              },
              {
                "text": "Button toolbar",
                "url": ""
              },
              {
                "text": "Sizing",
                "url": ""
              },
              {
                "text": "Nesting",
                "url": ""
              },
              {
                "text": "Vertical variation",
                "url": ""
              }
            ]
          },
          {
            "text": "Glasses",
            "url": "",
            "children": [
              {
                "text": "Lorem",
                "url": ""
              },
              {
                "text": "Very long navigation item",
                "url": ""
              },
              {
                "text": "Very long navigation items will be truncated",
                "url": ""
              },
              {
                "text": "Very long navigation item",
                "url": ""
              },
              {
                "text": "Button toolbar",
                "url": ""
              },
              {
                "text": "Sizing",
                "url": ""
              },
              {
                "text": "Nesting",
                "url": ""
              },
              {
                "text": "Very long navigation items will be truncated",
                "url": ""
              },
              {
                "text": "Very long navigation item",
                "url": ""
              }
            ]
          },
          {
            "text": "Shoes",
            "url": "",
            "children": [
              {
                "text": "Basic example",
                "url": ""
              },
              {
                "text": "Button toolbar",
                "url": ""
              },
              {
                "text": "Sizing",
                "url": ""
              },
              {
                "text": "Nesting",
                "url": ""
              },
              {
                "text": "Vertical variation",
                "url": ""
              }
            ]
          },
          {
            "text": "Glasses",
            "url": "",
            "children": [
              {
                "text": "Lorem",
                "url": ""
              },
              {
                "text": "Very long navigation item",
                "url": ""
              },
              {
                "text": "Very long navigation items will be truncated",
                "url": ""
              },
              {
                "text": "Very long navigation item",
                "url": ""
              },
              {
                "text": "Button toolbar",
                "url": ""
              },
              {
                "text": "Sizing",
                "url": ""
              },
              {
                "text": "Nesting",
                "url": ""
              },
              {
                "text": "Very long navigation items will be truncated",
                "url": ""
              },
              {
                "text": "Very long navigation item",
                "url": ""
              }
            ]
          },
          {
            "text": "Shoes",
            "url": "",
            "children": [
              {
                "text": "Basic example",
                "url": ""
              },
              {
                "text": "Button toolbar",
                "url": ""
              },
              {
                "text": "Sizing",
                "url": ""
              },
              {
                "text": "Nesting",
                "url": ""
              },
              {
                "text": "Vertical variation",
                "url": ""
              }
            ]
          },
          {
            "text": "Glasses",
            "url": "",
            "children": [
              {
                "text": "Lorem",
                "url": ""
              },
              {
                "text": "Very long navigation item",
                "url": ""
              },
              {
                "text": "Very long navigation items will be truncated",
                "url": ""
              },
              {
                "text": "Very long navigation item",
                "url": ""
              },
              {
                "text": "Button toolbar",
                "url": ""
              },
              {
                "text": "Sizing",
                "url": ""
              },
              {
                "text": "Nesting",
                "url": ""
              },
              {
                "text": "Very long navigation items will be truncated",
                "url": ""
              },
              {
                "text": "Very long navigation item",
                "url": ""
              }
            ]
          }
        ]
      }
    }
  },
  "footer": {},
  "content": {
    "contactFormSettings": {
      "title": {
        "list": [
          {
            "label": "Mr.",
            "value": "Mr.",
            "selected": true
          },
          {
            "label": "Mrs.",
            "value": "Mrs.",
            "selected": false
          },
          {
            "label": "Ms.",
            "value": "Ms.",
            "selected": false
          },
          {
            "label": "Dr.",
            "value": "Dr.",
            "selected": false
          }
        ]
      }
    },
    "contactForm": {
      "title": "Mr."
    }
  },
  "meta": {
    "assetsPath": "../../assets/",
    "csrfToken": "Test123",
    "bagQuantityOptions": [
      1,
      2,
      3,
      4,
      5,
      6,
      7,
      8,
      9
    ],
    "_links": {
      "self": {
        "href": "#"
      },
      "selectLanguage": {
        "href": "language.html"
      },
      "selectCountry": {
        "href": "country.html"
      },
      "newsletter": {
        "href": "newsletter.html"
      },
      "contactUs": {
        "href": "contactus.html"
      },
      "help": {
        "href": "help.html"
      },
      "shipping": {
        "href": "shipping.html"
      },
      "returns": {
        "href": "returns.html"
      },
      "sizeGuide": {
        "href": "sizeguide.html"
      },
      "ourStory": {
        "href": "ourstory.html"
      },
      "careers": {
        "href": "careers.html"
      },
      "storeLocator": {
        "href": "stores.html"
      },
      "giftCards": {
        "href": "giftcards.html"
      },
      "payment": {
        "href": "payment.html"
      },
      "imprint": {
        "href": "imprint.html"
      },
      "privacyPolicy": {
        "href": "privacy.html"
      },
      "termsOfUse": {
        "href": "terms.html"
      },
      "home": {
        "href": "home.html"
      },
      "newProducts": {
        "href": "pop.html"
      },
      "search": {
        "href": "pop.html"
      },
      "addToCart": {
        "href": "cart.html"
      },
      "addToWishlist": {
        "href": "wishlist.html"
      },
      "addReview": {
        "href": "pdp.html"
      },
      "signIn": {
        "href": "my-account-login.html"
      },
      "logInSubmit": {
        "href": "my-account-personal-details.html"
      },
      "signUpSubmit": {
        "href": "my-account-personal-details.html"
      },
      "myAccount": {
        "href": "my-account-personal-details.html"
      },
      "myPersonalDetails": {
        "href": "my-account-personal-details.html"
      },
      "changePassword": {
        "href": "my-account-change-password.html"
      },
      "myAddressBook": {
        "href": "my-account-address-book.html"
      },
      "myAddressBookAddAddress": {
        "href": "my-account-new-address.html"
      },
      "myAddressBookAddAddressSubmit": {
        "href": "my-account-address-book.html"
      },
      "myAddressBookEditAddressSubmit": {
        "href": "my-account-address-book.html"
      },
      "myOrders": {
        "href": "my-account-my-orders.html"
      },
      "checkout": {
        "href": "checkout-shipping.html"
      },
      "checkoutConfirmation": {
        "href": "checkout-confirmation.html"
      },
      "checkoutConfirmationSubmit": {
        "href": "checkout-thankyou.html"
      },
      "checkoutThankYou": {
        "href": "checkout-thankyou.html"
      },
      "cart": {
        "href": "cart.html"
      },
      "deleteLineItem": {
        "href": "cart.html"
      },
      "changeLineItem": {
        "href": "cart.html"
      },
      "editShippingAddress": {
        "href": "checkout-shipping.html"
      },
      "editBillingAddress": {
        "href": "checkout-shipping.html"
      },
      "checkoutAddressesSubmit": {
        "href": "checkout-payment.html"
      },
      "editPaymentInfo": {
        "href": "checkout-payment.html"
      },
      "checkoutPaymentSubmit": {
        "href": "checkout-confirmation.html"
      },
      "editShippingMethod": {
        "href": "checkout-shipping.html#shipping-methods-setting"
      },
      "continueShopping": {
        "href": "pop.html"
      }
    },
    "features": {
      "myAccount": {
        "active": false
      },
      "cartDiscounts": {
        "active": false
      }
    }
  }
}