{
  "footer": {
    "terms": "Terms",
    "privacy": "Privacy",
    "unsubscribe": "Unsubscribe"
  },
  "content": {
    "thankyouTitle": "Thank you for your order!",
    "dearUser": "Dear Mr. Wayne",
    "orderConfirmationText": "Many thanks for your recent order received on 28.10.2015.",
    "orderConfirmationTextTwo": "We are happy to confirm that the following items were dispatched on 29.10.2015.",
    "orderDetails": {
      "name": "Mr. Bruce Wayne",
      "street": "100 Gotham City",
      "city": "Gotham City",
      "region": "Region",
      "postCode": "123456",
      "country": "Country",
      "phone": "Phone: +49 123 4567890",
      "email": "Email: bruce.wayne@commercetools.com"
    },
    "order": [
      {
        "image": "../../assets/img/blue-shirt.jpg",
        "nameHeadline": "Enditatem Product Name",
        "nameSubline": "Optional Line Two",
        "sku": "Sunrise #SUN123456",
        "colorTitle": "Color: ",
        "color": "Navy Blue",
        "sizeTitle": "Size: ",
        "size": "M",
        "quantityTitle": "Quantity",
        "quantity": "1",
        "priceTitle": "Price",
        "price": "100,00 €",
        "totalPriceTitle": "Total",
        "totalPrice": "100,00 €"
      },
      {
        "image": "../../assets/img/blue-shirt.jpg",
        "nameHeadline": "Enditatem Product Name",
        "nameSubline": "Optional Line Two",
        "sku": "Sunrise #SUN123456",
        "colorTitle": "Color: ",
        "color": "Navy Blue",
        "sizeTitle": "Size: ",
        "size": "M",
        "quantityTitle": "Quantity",
        "quantity": "1",
        "priceTitle": "Price",
        "price": "100,00 €",
        "totalPriceTitle": "Total",
        "totalPrice": "100,00 €"
      }
    ],
    "totalSum": {
      "promoCodeTitle": "Promotional Code Applied",
      "promoCode": "Sunny Sale",
      "subtotalTitle": "Subtotal",
      "subtotal": "200,00 €",
      "orderDiscountTitle": "Order Discount",
      "orderDiscount": "0,00 €",
      "deliveryOption": "Standard Delivery",
      "delivery": "10,00 €",
      "taxTitle": "Sales Tax",
      "tax": "20,00 €",
      "orderTotalTitle": "Order Total",
      "orderTotal": "230,00 €"
    },
    "suggestionsTitle": "You may also like",
    "suggestions": [
      {
        "image": "../../assets/img/blue-shirt.jpg",
        "nameHeadline": "Enditatem Product Name",
        "nameSubline": "Optional Line Two",
        "price": "€ 100,00",
        "oldPrice": "€ 200,00",
        "newText": "New",
        "saleText": "Sale",
        "sale": true
      },
      {
        "image": "../../assets/img/blue-shirt.jpg",
        "nameHeadline": "Enditatem Product Name",
        "nameSubline": "Optional Line Two",
        "price": "€ 100,00",
        "newText": "New",
        "saleText": "Sale",
        "new": true
      },
      {
        "last": true,
        "image": "../../assets/img/blue-shirt.jpg",
        "nameHeadline": "Enditatem Product Name",
        "nameSubline": "Optional Line Two",
        "price": "€ 100,00",
        "oldPrice": "€ 200,00",
        "newText": "New",
        "saleText": "Sale",
        "sale": true
      }
    ],
    "bannerTitle": "Women",
    "bannerText": "Lorem Lorem Lorem Lorem Lorem Lorem Lorem Lorem Lorem Lorem Lorem Lorem Lorem Lorem Lorem Lorem Lorem Lorem Lorem Lorem",
    "bottomTextOne": "Lorem ipsum dolor sit amet, consectetuer adipiscing elit. Phasellus hendrerit. Pellentesque aliquet nibh nec urna. In nisi neque, aliquet vel, dapibus id, mattis vel, nisi. Sed pretium, ligula sollicitudin laoreet viverra, tortor libero sodales leo, eget blandit nunc tortor eu nibh. Nullam mollis. Ut justo. Suspendisse potenti. Sed egestas, ante et vulputate volutpat, eros pede semper est, vitae luctus metus libero eu augue. Morbi purus libero, faucibus adipiscing, commodo quis, gravida id, est. Sed lectus. Praesent elementum hendrerit tortor. Sed semper lorem at felis. Vestibulum volutpat, lacus a ultrices sagittis, mi neque euismod dui, eu pulvinar nunc sapien ornare nisl. Phasellus pede arcu, dapibus eu, fermentum et, dapibus sed, urna.",
    "bottomTextTwo": "Lorem ipsum dolor sit amet, consectetuer adipiscing elit. Phasellus hendrerit. Pellentesque aliquet nibh nec urna. In nisi neque, aliquet vel, dapibus id, mattis vel, nisi. Sed pretium, ligula sollicitudin laoreet viverra, tortor libero sodales leo, eget blandit nunc tortor eu nibh. Nullam mollis. Ut justo. Suspendisse potenti. Sed egestas, ante et vulputate volutpat, eros pede semper est, vitae luctus metus libero eu augue. Morbi purus libero, faucibus adipiscing, commodo quis, gravida id, est. Sed lectus."
  },
  "meta": {
    "assetsPath": "../../assets/",
    "csrfToken": "Test123",
    "bagQuantityOptions": [
      1,
      2,
      3,
      4,
      5,
      6,
      7,
      8,
      9
    ],
    "_links": {
      "self": {
        "href": "#"
      },
      "selectLanguage": {
        "href": "language.html"
      },
      "selectCountry": {
        "href": "country.html"
      },
      "newsletter": {
        "href": "newsletter.html"
      },
      "contactUs": {
        "href": "contactus.html"
      },
      "help": {
        "href": "help.html"
      },
      "shipping": {
        "href": "shipping.html"
      },
      "returns": {
        "href": "returns.html"
      },
      "sizeGuide": {
        "href": "sizeguide.html"
      },
      "ourStory": {
        "href": "ourstory.html"
      },
      "careers": {
        "href": "careers.html"
      },
      "storeLocator": {
        "href": "stores.html"
      },
      "giftCards": {
        "href": "giftcards.html"
      },
      "payment": {
        "href": "payment.html"
      },
      "imprint": {
        "href": "imprint.html"
      },
      "privacyPolicy": {
        "href": "privacy.html"
      },
      "termsOfUse": {
        "href": "terms.html"
      },
      "home": {
        "href": "home.html"
      },
      "newProducts": {
        "href": "pop.html"
      },
      "search": {
        "href": "pop.html"
      },
      "addToCart": {
        "href": "cart.html"
      },
      "addToWishlist": {
        "href": "wishlist.html"
      },
      "addReview": {
        "href": "pdp.html"
      },
      "signIn": {
        "href": "my-account-login.html"
      },
      "logInSubmit": {
        "href": "my-account-personal-details.html"
      },
      "signUpSubmit": {
        "href": "my-account-personal-details.html"
      },
      "myAccount": {
        "href": "my-account-personal-details.html"
      },
      "myPersonalDetails": {
        "href": "my-account-personal-details.html"
      },
      "changePassword": {
        "href": "my-account-change-password.html"
      },
      "myAddressBook": {
        "href": "my-account-address-book.html"
      },
      "myAddressBookAddAddress": {
        "href": "my-account-new-address.html"
      },
      "myAddressBookAddAddressSubmit": {
        "href": "my-account-address-book.html"
      },
      "myAddressBookEditAddressSubmit": {
        "href": "my-account-address-book.html"
      },
      "myOrders": {
        "href": "my-account-my-orders.html"
      },
      "checkout": {
        "href": "checkout-shipping.html"
      },
      "checkoutConfirmation": {
        "href": "checkout-confirmation.html"
      },
      "checkoutConfirmationSubmit": {
        "href": "checkout-thankyou.html"
      },
      "checkoutThankYou": {
        "href": "checkout-thankyou.html"
      },
      "cart": {
        "href": "cart.html"
      },
      "deleteLineItem": {
        "href": "cart.html"
      },
      "changeLineItem": {
        "href": "cart.html"
      },
      "editShippingAddress": {
        "href": "checkout-shipping.html"
      },
      "editBillingAddress": {
        "href": "checkout-shipping.html"
      },
      "checkoutAddressesSubmit": {
        "href": "checkout-payment.html"
      },
      "editPaymentInfo": {
        "href": "checkout-payment.html"
      },
      "checkoutPaymentSubmit": {
        "href": "checkout-confirmation.html"
      },
      "editShippingMethod": {
        "href": "checkout-shipping.html#shipping-methods-setting"
      },
      "continueShopping": {
        "href": "pop.html"
      }
    },
    "features": {
      "myAccount": {
        "active": false
      },
      "cartDiscounts": {
        "active": false
      }
    }
  }
}