{
  "header": {
    "title": "Sunrise - Page Title",
    "location": {
      "language": [
        {
          "label": "German",
          "value": "de"
        },
        {
          "label": "English",
          "value": "en",
          "selected": true
        },
        {
          "label": "French",
          "value": "fr"
        }
      ],
      "country": [
        {
          "label": "Germany",
          "value": "DE"
        },
        {
          "label": "United Kingdom (UK)",
          "value": "United Kingdom (UK)",
          "selected": true
        },
        {
          "label": "France",
          "value": "FR"
        }
      ]
    },
    "miniCart": {
      "totalItems": 12,
      "totalPrice": "117,00 €",
      "lineItems": {
        "list": [
          {
            "lineItemId": "123456",
            "quantity": 1,
            "totalPrice": "49,00 €",
            "variant": {
              "name": "Enditatem Product Name Optional very long line two",
              "image": "../../assets/img/blue-jacket.jpg",
              "url": "pdp.html",
              "sku": "Sunrise #SUN123456",
              "priceOld": "100,00 €",
              "price": "49,00 €"
            },
            "attributes": [
              {
                "name": "Color",
                "key": "color",
                "value": "Navy Blue"
              },
              {
                "name": "Size",
                "key": "size",
                "value": "M"
              }
            ]
          },
          {
            "lineItemId": "123456",
            "quantity": 1,
            "totalPrice": "49,00 €",
            "variant": {
              "name": "Enditatem Product Name Optional very long line two",
              "image": "../../assets/img/blue-jacket.jpg",
              "url": "pdp.html",
              "sku": "Sunrise #SUN123456",
              "priceOld": "100,00 €",
              "price": "49,00 €"
            },
            "attributes": [
              {
                "name": "Color",
                "key": "color",
                "value": "Navy Blue"
              },
              {
                "name": "Size",
                "key": "size",
                "value": "M"
              }
            ]
          },
          {
            "lineItemId": "123456",
            "quantity": 1,
            "totalPrice": "49,00 €",
            "variant": {
              "name": "Enditatem Product Name Optional very long line two",
              "image": "../../assets/img/blue-jacket.jpg",
              "url": "pdp.html",
              "sku": "Sunrise #SUN123456",
              "priceOld": "100,00 €",
              "price": "49,00 €"
            },
            "attributes": [
              {
                "name": "Color",
                "key": "color",
                "value": "Navy Blue"
              },
              {
                "name": "Size",
                "key": "size",
                "value": "M"
              }
            ]
          }
        ]
      }
    },
    "navMenu": {
      "new": {
        "text": "New",
        "url": ""
      },
      "sale": {
        "text": "Sale",
        "url": ""
      },
      "categories": [
        {
          "text": "Women",
          "url": "",
          "children": [
            {
              "text": "Belts",
              "url": "",
              "children": [
                {
                  "text": "Basic example",
                  "url": ""
                },
                {
                  "text": "Button toolbar",
                  "url": ""
                },
                {
                  "text": "Sizing",
                  "url": ""
                },
                {
                  "text": "Nesting",
                  "url": ""
                },
                {
                  "text": "Vertical variation",
                  "url": ""
                }
              ]
            },
            {
              "text": "Glasses",
              "url": "",
              "children": [
                {
                  "text": "Lorem",
                  "url": ""
                },
                {
                  "text": "Very long navigation item",
                  "url": ""
                },
                {
                  "text": "Very long navigation items will be truncated",
                  "url": ""
                },
                {
                  "text": "Very long navigation item",
                  "url": ""
                },
                {
                  "text": "Button toolbar",
                  "url": ""
                },
                {
                  "text": "Sizing",
                  "url": ""
                },
                {
                  "text": "Nesting",
                  "url": ""
                },
                {
                  "text": "Very long navigation items will be truncated",
                  "url": ""
                },
                {
                  "text": "Very long navigation item",
                  "url": ""
                }
              ]
            },
            {
              "text": "Belts",
              "url": "",
              "children": [
                {
                  "text": "Basic example",
                  "url": ""
                },
                {
                  "text": "Button toolbar",
                  "url": ""
                },
                {
                  "text": "Sizing",
                  "url": ""
                },
                {
                  "text": "Nesting",
                  "url": ""
                },
                {
                  "text": "Vertical variation",
                  "url": ""
                }
              ]
            },
            {
              "text": "Glasses",
              "url": "",
              "children": [
                {
                  "text": "Lorem",
                  "url": ""
                },
                {
                  "text": "Very long navigation item",
                  "url": ""
                },
                {
                  "text": "Very long navigation items will be truncated",
                  "url": ""
                },
                {
                  "text": "Very long navigation item",
                  "url": ""
                },
                {
                  "text": "Button toolbar",
                  "url": ""
                },
                {
                  "text": "Sizing",
                  "url": ""
                },
                {
                  "text": "Nesting",
                  "url": ""
                },
                {
                  "text": "Very long navigation items will be truncated",
                  "url": ""
                },
                {
                  "text": "Very long navigation item",
                  "url": ""
                }
              ]
            },
            {
              "text": "Belts",
              "url": "",
              "children": [
                {
                  "text": "Basic example",
                  "url": ""
                },
                {
                  "text": "Button toolbar",
                  "url": ""
                },
                {
                  "text": "Sizing",
                  "url": ""
                },
                {
                  "text": "Nesting",
                  "url": ""
                },
                {
                  "text": "Vertical variation",
                  "url": ""
                }
              ]
            },
            {
              "text": "Glasses",
              "url": "",
              "children": [
                {
                  "text": "Lorem",
                  "url": ""
                },
                {
                  "text": "Very long navigation item",
                  "url": ""
                },
                {
                  "text": "Very long navigation items will be truncated",
                  "url": ""
                },
                {
                  "text": "Very long navigation item",
                  "url": ""
                },
                {
                  "text": "Button toolbar",
                  "url": ""
                },
                {
                  "text": "Sizing",
                  "url": ""
                },
                {
                  "text": "Nesting",
                  "url": ""
                },
                {
                  "text": "Very long navigation items will be truncated",
                  "url": ""
                },
                {
                  "text": "Very long navigation item",
                  "url": ""
                }
              ]
            },
            {
              "text": "Belts",
              "url": "",
              "children": [
                {
                  "text": "Basic example",
                  "url": ""
                },
                {
                  "text": "Button toolbar",
                  "url": ""
                },
                {
                  "text": "Sizing",
                  "url": ""
                },
                {
                  "text": "Nesting",
                  "url": ""
                },
                {
                  "text": "Vertical variation",
                  "url": ""
                }
              ]
            },
            {
              "text": "Glasses",
              "url": "",
              "children": [
                {
                  "text": "Lorem",
                  "url": ""
                },
                {
                  "text": "Very long navigation item",
                  "url": ""
                },
                {
                  "text": "Very long navigation items will be truncated",
                  "url": ""
                },
                {
                  "text": "Very long navigation item",
                  "url": ""
                },
                {
                  "text": "Button toolbar",
                  "url": ""
                },
                {
                  "text": "Sizing",
                  "url": ""
                },
                {
                  "text": "Nesting",
                  "url": ""
                },
                {
                  "text": "Very long navigation items will be truncated",
                  "url": ""
                },
                {
                  "text": "Very long navigation item",
                  "url": ""
                }
              ]
            },
            {
              "text": "Belts",
              "url": "",
              "children": [
                {
                  "text": "Basic example",
                  "url": ""
                },
                {
                  "text": "Button toolbar",
                  "url": ""
                },
                {
                  "text": "Sizing",
                  "url": ""
                },
                {
                  "text": "Nesting",
                  "url": ""
                },
                {
                  "text": "Vertical variation",
                  "url": ""
                }
              ]
            },
            {
              "text": "Glasses",
              "url": "",
              "children": [
                {
                  "text": "Lorem",
                  "url": ""
                },
                {
                  "text": "Very long navigation item",
                  "url": ""
                },
                {
                  "text": "Very long navigation items will be truncated",
                  "url": ""
                },
                {
                  "text": "Very long navigation item",
                  "url": ""
                },
                {
                  "text": "Button toolbar",
                  "url": ""
                },
                {
                  "text": "Sizing",
                  "url": ""
                },
                {
                  "text": "Nesting",
                  "url": ""
                },
                {
                  "text": "Very long navigation items will be truncated",
                  "url": ""
                },
                {
                  "text": "Very long navigation item",
                  "url": ""
                }
              ]
            },
            {
              "text": "Belts",
              "url": "",
              "children": [
                {
                  "text": "Basic example",
                  "url": ""
                },
                {
                  "text": "Button toolbar",
                  "url": ""
                },
                {
                  "text": "Sizing",
                  "url": ""
                },
                {
                  "text": "Nesting",
                  "url": ""
                },
                {
                  "text": "Vertical variation",
                  "url": ""
                }
              ]
            },
            {
              "text": "Glasses",
              "url": "",
              "children": [
                {
                  "text": "Lorem",
                  "url": ""
                },
                {
                  "text": "Very long navigation item",
                  "url": ""
                },
                {
                  "text": "Very long navigation items will be truncated",
                  "url": ""
                },
                {
                  "text": "Very long navigation item",
                  "url": ""
                },
                {
                  "text": "Button toolbar",
                  "url": ""
                },
                {
                  "text": "Sizing",
                  "url": ""
                },
                {
                  "text": "Nesting",
                  "url": ""
                },
                {
                  "text": "Very long navigation items will be truncated",
                  "url": ""
                },
                {
                  "text": "Very long navigation item",
                  "url": ""
                }
              ]
            },
            {
              "text": "Belts",
              "url": "",
              "children": [
                {
                  "text": "Basic example",
                  "url": ""
                },
                {
                  "text": "Button toolbar",
                  "url": ""
                },
                {
                  "text": "Sizing",
                  "url": ""
                },
                {
                  "text": "Nesting",
                  "url": ""
                },
                {
                  "text": "Vertical variation",
                  "url": ""
                }
              ]
            },
            {
              "text": "Glasses",
              "url": "",
              "children": [
                {
                  "text": "Lorem",
                  "url": ""
                },
                {
                  "text": "Very long navigation item",
                  "url": ""
                },
                {
                  "text": "Very long navigation items will be truncated",
                  "url": ""
                },
                {
                  "text": "Very long navigation item",
                  "url": ""
                },
                {
                  "text": "Button toolbar",
                  "url": ""
                },
                {
                  "text": "Sizing",
                  "url": ""
                },
                {
                  "text": "Nesting",
                  "url": ""
                },
                {
                  "text": "Very long navigation items will be truncated",
                  "url": ""
                },
                {
                  "text": "Very long navigation item",
                  "url": ""
                }
              ]
            },
            {
              "text": "Belts",
              "url": "",
              "children": [
                {
                  "text": "Basic example",
                  "url": ""
                },
                {
                  "text": "Button toolbar",
                  "url": ""
                },
                {
                  "text": "Sizing",
                  "url": ""
                },
                {
                  "text": "Nesting",
                  "url": ""
                },
                {
                  "text": "Vertical variation",
                  "url": ""
                }
              ]
            },
            {
              "text": "Glasses",
              "url": "",
              "children": [
                {
                  "text": "Lorem",
                  "url": ""
                },
                {
                  "text": "Very long navigation item",
                  "url": ""
                },
                {
                  "text": "Very long navigation items will be truncated",
                  "url": ""
                },
                {
                  "text": "Very long navigation item",
                  "url": ""
                },
                {
                  "text": "Button toolbar",
                  "url": ""
                },
                {
                  "text": "Sizing",
                  "url": ""
                },
                {
                  "text": "Nesting",
                  "url": ""
                },
                {
                  "text": "Very long navigation items will be truncated",
                  "url": ""
                },
                {
                  "text": "Very long navigation item",
                  "url": ""
                }
              ]
            },
            {
              "text": "Belts",
              "url": "",
              "children": [
                {
                  "text": "Basic example",
                  "url": ""
                },
                {
                  "text": "Button toolbar",
                  "url": ""
                },
                {
                  "text": "Sizing",
                  "url": ""
                },
                {
                  "text": "Nesting",
                  "url": ""
                },
                {
                  "text": "Vertical variation",
                  "url": ""
                }
              ]
            },
            {
              "text": "Glasses",
              "url": "",
              "children": [
                {
                  "text": "Lorem",
                  "url": ""
                },
                {
                  "text": "Very long navigation item",
                  "url": ""
                },
                {
                  "text": "Very long navigation items will be truncated",
                  "url": ""
                },
                {
                  "text": "Very long navigation item",
                  "url": ""
                },
                {
                  "text": "Button toolbar",
                  "url": ""
                },
                {
                  "text": "Sizing",
                  "url": ""
                },
                {
                  "text": "Nesting",
                  "url": ""
                },
                {
                  "text": "Very long navigation items will be truncated",
                  "url": ""
                },
                {
                  "text": "Very long navigation item",
                  "url": ""
                }
              ]
            },
            {
              "text": "Belts",
              "url": "",
              "children": [
                {
                  "text": "Basic example",
                  "url": ""
                },
                {
                  "text": "Button toolbar",
                  "url": ""
                },
                {
                  "text": "Sizing",
                  "url": ""
                },
                {
                  "text": "Nesting",
                  "url": ""
                },
                {
                  "text": "Vertical variation",
                  "url": ""
                }
              ]
            },
            {
              "text": "Glasses",
              "url": "",
              "children": [
                {
                  "text": "Lorem",
                  "url": ""
                },
                {
                  "text": "Very long navigation item",
                  "url": ""
                },
                {
                  "text": "Very long navigation items will be truncated",
                  "url": ""
                },
                {
                  "text": "Very long navigation item",
                  "url": ""
                },
                {
                  "text": "Button toolbar",
                  "url": ""
                },
                {
                  "text": "Sizing",
                  "url": ""
                },
                {
                  "text": "Nesting",
                  "url": ""
                },
                {
                  "text": "Very long navigation items will be truncated",
                  "url": ""
                },
                {
                  "text": "Very long navigation item",
                  "url": ""
                }
              ]
            },
            {
              "text": "Belts",
              "url": "",
              "children": [
                {
                  "text": "Basic example",
                  "url": ""
                },
                {
                  "text": "Button toolbar",
                  "url": ""
                },
                {
                  "text": "Sizing",
                  "url": ""
                },
                {
                  "text": "Nesting",
                  "url": ""
                },
                {
                  "text": "Vertical variation",
                  "url": ""
                }
              ]
            },
            {
              "text": "Glasses",
              "url": "",
              "children": [
                {
                  "text": "Lorem",
                  "url": ""
                },
                {
                  "text": "Very long navigation item",
                  "url": ""
                },
                {
                  "text": "Very long navigation items will be truncated",
                  "url": ""
                },
                {
                  "text": "Very long navigation item",
                  "url": ""
                },
                {
                  "text": "Button toolbar",
                  "url": ""
                },
                {
                  "text": "Sizing",
                  "url": ""
                },
                {
                  "text": "Nesting",
                  "url": ""
                },
                {
                  "text": "Very long navigation items will be truncated",
                  "url": ""
                },
                {
                  "text": "Very long navigation item",
                  "url": ""
                }
              ]
            },
            {
              "text": "Belts",
              "url": "",
              "children": [
                {
                  "text": "Basic example",
                  "url": ""
                },
                {
                  "text": "Button toolbar",
                  "url": ""
                },
                {
                  "text": "Sizing",
                  "url": ""
                },
                {
                  "text": "Nesting",
                  "url": ""
                },
                {
                  "text": "Vertical variation",
                  "url": ""
                }
              ]
            },
            {
              "text": "Glasses",
              "url": "",
              "children": [
                {
                  "text": "Lorem",
                  "url": ""
                },
                {
                  "text": "Very long navigation item",
                  "url": ""
                },
                {
                  "text": "Very long navigation items will be truncated",
                  "url": ""
                },
                {
                  "text": "Very long navigation item",
                  "url": ""
                },
                {
                  "text": "Button toolbar",
                  "url": ""
                },
                {
                  "text": "Sizing",
                  "url": ""
                },
                {
                  "text": "Nesting",
                  "url": ""
                },
                {
                  "text": "Very long navigation items will be truncated",
                  "url": ""
                },
                {
                  "text": "Very long navigation item",
                  "url": ""
                }
              ]
            }
          ]
        },
        {
          "text": "Men",
          "url": "",
          "children": [
            {
              "text": "Shoes",
              "url": "",
              "children": [
                {
                  "text": "Basic example",
                  "url": ""
                },
                {
                  "text": "Button toolbar",
                  "url": ""
                },
                {
                  "text": "Sizing",
                  "url": ""
                },
                {
                  "text": "Nesting",
                  "url": ""
                },
                {
                  "text": "Vertical variation",
                  "url": ""
                }
              ]
            },
            {
              "text": "Glasses",
              "url": "",
              "children": [
                {
                  "text": "Lorem",
                  "url": ""
                },
                {
                  "text": "Very long navigation item",
                  "url": ""
                },
                {
                  "text": "Very long navigation items will be truncated",
                  "url": ""
                },
                {
                  "text": "Very long navigation item",
                  "url": ""
                },
                {
                  "text": "Button toolbar",
                  "url": ""
                },
                {
                  "text": "Sizing",
                  "url": ""
                },
                {
                  "text": "Nesting",
                  "url": ""
                },
                {
                  "text": "Very long navigation items will be truncated",
                  "url": ""
                },
                {
                  "text": "Very long navigation item",
                  "url": ""
                }
              ]
            },
            {
              "text": "Shoes",
              "url": "",
              "children": [
                {
                  "text": "Basic example",
                  "url": ""
                },
                {
                  "text": "Button toolbar",
                  "url": ""
                },
                {
                  "text": "Sizing",
                  "url": ""
                },
                {
                  "text": "Nesting",
                  "url": ""
                },
                {
                  "text": "Vertical variation",
                  "url": ""
                }
              ]
            },
            {
              "text": "Glasses",
              "url": "",
              "children": [
                {
                  "text": "Lorem",
                  "url": ""
                },
                {
                  "text": "Very long navigation item",
                  "url": ""
                },
                {
                  "text": "Very long navigation items will be truncated",
                  "url": ""
                },
                {
                  "text": "Very long navigation item",
                  "url": ""
                },
                {
                  "text": "Button toolbar",
                  "url": ""
                },
                {
                  "text": "Sizing",
                  "url": ""
                },
                {
                  "text": "Nesting",
                  "url": ""
                },
                {
                  "text": "Very long navigation items will be truncated",
                  "url": ""
                },
                {
                  "text": "Very long navigation item",
                  "url": ""
                }
              ]
            },
            {
              "text": "Shoes",
              "url": "",
              "children": [
                {
                  "text": "Basic example",
                  "url": ""
                },
                {
                  "text": "Button toolbar",
                  "url": ""
                },
                {
                  "text": "Sizing",
                  "url": ""
                },
                {
                  "text": "Nesting",
                  "url": ""
                },
                {
                  "text": "Vertical variation",
                  "url": ""
                }
              ]
            },
            {
              "text": "Glasses",
              "url": "",
              "children": [
                {
                  "text": "Lorem",
                  "url": ""
                },
                {
                  "text": "Very long navigation item",
                  "url": ""
                },
                {
                  "text": "Very long navigation items will be truncated",
                  "url": ""
                },
                {
                  "text": "Very long navigation item",
                  "url": ""
                },
                {
                  "text": "Button toolbar",
                  "url": ""
                },
                {
                  "text": "Sizing",
                  "url": ""
                },
                {
                  "text": "Nesting",
                  "url": ""
                },
                {
                  "text": "Very long navigation items will be truncated",
                  "url": ""
                },
                {
                  "text": "Very long navigation item",
                  "url": ""
                }
              ]
            }
          ]
        },
        {
          "text": "Accessories",
          "url": "",
          "children": [
            {
              "text": "Belts",
              "url": "",
              "children": [
                {
                  "text": "Basic example",
                  "url": ""
                },
                {
                  "text": "Button toolbar",
                  "url": ""
                },
                {
                  "text": "Sizing",
                  "url": ""
                },
                {
                  "text": "Nesting",
                  "url": ""
                },
                {
                  "text": "Vertical variation",
                  "url": ""
                }
              ]
            },
            {
              "text": "Glasses",
              "url": "",
              "children": [
                {
                  "text": "Lorem",
                  "url": ""
                },
                {
                  "text": "Very long navigation item",
                  "url": ""
                },
                {
                  "text": "Very long navigation items will be truncated",
                  "url": ""
                },
                {
                  "text": "Very long navigation item",
                  "url": ""
                },
                {
                  "text": "Button toolbar",
                  "url": ""
                },
                {
                  "text": "Sizing",
                  "url": ""
                },
                {
                  "text": "Nesting",
                  "url": ""
                },
                {
                  "text": "Very long navigation items will be truncated",
                  "url": ""
                },
                {
                  "text": "Very long navigation item",
                  "url": ""
                }
              ]
            },
            {
              "text": "Belts",
              "url": "",
              "children": [
                {
                  "text": "Basic example",
                  "url": ""
                },
                {
                  "text": "Button toolbar",
                  "url": ""
                },
                {
                  "text": "Sizing",
                  "url": ""
                },
                {
                  "text": "Nesting",
                  "url": ""
                },
                {
                  "text": "Vertical variation",
                  "url": ""
                }
              ]
            },
            {
              "text": "Glasses",
              "url": "",
              "children": [
                {
                  "text": "Lorem",
                  "url": ""
                },
                {
                  "text": "Very long navigation item",
                  "url": ""
                },
                {
                  "text": "Very long navigation items will be truncated",
                  "url": ""
                },
                {
                  "text": "Very long navigation item",
                  "url": ""
                },
                {
                  "text": "Button toolbar",
                  "url": ""
                },
                {
                  "text": "Sizing",
                  "url": ""
                },
                {
                  "text": "Nesting",
                  "url": ""
                },
                {
                  "text": "Very long navigation items will be truncated",
                  "url": ""
                },
                {
                  "text": "Very long navigation item",
                  "url": ""
                }
              ]
            },
            {
              "text": "Belts",
              "url": "",
              "children": [
                {
                  "text": "Basic example",
                  "url": ""
                },
                {
                  "text": "Button toolbar",
                  "url": ""
                },
                {
                  "text": "Sizing",
                  "url": ""
                },
                {
                  "text": "Nesting",
                  "url": ""
                },
                {
                  "text": "Vertical variation",
                  "url": ""
                }
              ]
            },
            {
              "text": "Glasses",
              "url": "",
              "children": [
                {
                  "text": "Lorem",
                  "url": ""
                },
                {
                  "text": "Very long navigation item",
                  "url": ""
                },
                {
                  "text": "Very long navigation items will be truncated",
                  "url": ""
                },
                {
                  "text": "Very long navigation item",
                  "url": ""
                },
                {
                  "text": "Button toolbar",
                  "url": ""
                },
                {
                  "text": "Sizing",
                  "url": ""
                },
                {
                  "text": "Nesting",
                  "url": ""
                },
                {
                  "text": "Very long navigation items will be truncated",
                  "url": ""
                },
                {
                  "text": "Very long navigation item",
                  "url": ""
                }
              ]
            }
          ]
        }
      ],
      "brands": {
        "text": "Brands",
        "url": "",
        "children": [
          {
            "text": "Shoes",
            "url": "",
            "children": [
              {
                "text": "Basic example",
                "url": ""
              },
              {
                "text": "Button toolbar",
                "url": ""
              },
              {
                "text": "Sizing",
                "url": ""
              },
              {
                "text": "Nesting",
                "url": ""
              },
              {
                "text": "Vertical variation",
                "url": ""
              }
            ]
          },
          {
            "text": "Glasses",
            "url": "",
            "children": [
              {
                "text": "Lorem",
                "url": ""
              },
              {
                "text": "Very long navigation item",
                "url": ""
              },
              {
                "text": "Very long navigation items will be truncated",
                "url": ""
              },
              {
                "text": "Very long navigation item",
                "url": ""
              },
              {
                "text": "Button toolbar",
                "url": ""
              },
              {
                "text": "Sizing",
                "url": ""
              },
              {
                "text": "Nesting",
                "url": ""
              },
              {
                "text": "Very long navigation items will be truncated",
                "url": ""
              },
              {
                "text": "Very long navigation item",
                "url": ""
              }
            ]
          },
          {
            "text": "Shoes",
            "url": "",
            "children": [
              {
                "text": "Basic example",
                "url": ""
              },
              {
                "text": "Button toolbar",
                "url": ""
              },
              {
                "text": "Sizing",
                "url": ""
              },
              {
                "text": "Nesting",
                "url": ""
              },
              {
                "text": "Vertical variation",
                "url": ""
              }
            ]
          },
          {
            "text": "Glasses",
            "url": "",
            "children": [
              {
                "text": "Lorem",
                "url": ""
              },
              {
                "text": "Very long navigation item",
                "url": ""
              },
              {
                "text": "Very long navigation items will be truncated",
                "url": ""
              },
              {
                "text": "Very long navigation item",
                "url": ""
              },
              {
                "text": "Button toolbar",
                "url": ""
              },
              {
                "text": "Sizing",
                "url": ""
              },
              {
                "text": "Nesting",
                "url": ""
              },
              {
                "text": "Very long navigation items will be truncated",
                "url": ""
              },
              {
                "text": "Very long navigation item",
                "url": ""
              }
            ]
          },
          {
            "text": "Shoes",
            "url": "",
            "children": [
              {
                "text": "Basic example",
                "url": ""
              },
              {
                "text": "Button toolbar",
                "url": ""
              },
              {
                "text": "Sizing",
                "url": ""
              },
              {
                "text": "Nesting",
                "url": ""
              },
              {
                "text": "Vertical variation",
                "url": ""
              }
            ]
          },
          {
            "text": "Glasses",
            "url": "",
            "children": [
              {
                "text": "Lorem",
                "url": ""
              },
              {
                "text": "Very long navigation item",
                "url": ""
              },
              {
                "text": "Very long navigation items will be truncated",
                "url": ""
              },
              {
                "text": "Very long navigation item",
                "url": ""
              },
              {
                "text": "Button toolbar",
                "url": ""
              },
              {
                "text": "Sizing",
                "url": ""
              },
              {
                "text": "Nesting",
                "url": ""
              },
              {
                "text": "Very long navigation items will be truncated",
                "url": ""
              },
              {
                "text": "Very long navigation item",
                "url": ""
              }
            ]
          }
        ]
      }
    }
  },
  "footer": {},
  "content": {
    "breadcrumb": {
      "links": [
        {
          "url": "women/",
          "text": "Women"
        },
        {
          "url": "coats/",
          "text": "Coats"
        }
      ]
    },
    "gallery": {
      "list": [
        {
          "thumbImage": "../../assets/img/blue-jacket.jpg",
          "bigImage": "../../assets/img/blue-jacket.jpg"
        },
        {
          "thumbImage": "../../assets/img/blue-shirt.jpg",
          "bigImage": "../../assets/img/blue-shirt.jpg"
        },
        {
          "thumbImage": "../../assets/img/blue-jacket.jpg",
          "bigImage": "../../assets/img/blue-jacket.jpg"
        },
        {
          "thumbImage": "../../assets/img/blue-shirt.jpg",
          "bigImage": "../../assets/img/blue-shirt.jpg"
        }
      ]
    },
    "mixMatchProducts": {
      "list": [
        {
          "$ref": "product.json"
        },
        {
          "$ref": "product.json"
        },
        {
          "$ref": "product.json"
        }
      ]
    },
    "suggestions": {
      "list": [
        {
          "sale": true,
          "new": true,
          "moreColors": true,
          "product": {
            "productId": "85fdf3ce-06bf-4c85-af6e-e190a2633ad5",
            "variantId": 1,
            "description": "Lorem ipsum dolor sit amet, consectetuer adipiscing elit. Donec odio. Quisque volutpat mattis eros. Nullam malesuada erat ut turpis. Lorem ipsum dolor sit amet, consectetuer adipiscing elit. Donec odio. Quisque volutpat mattis eros. Nullam malesuada erat ut turpis. Lorem ipsum dolor sit amet, consectetuer adipiscing elit. Donec odio. Quisque volutpat mattis eros. Nullam malesuada erat ut turpis. Lorem ipsum dolor sit amet, consectetuer adipiscing elit. Donec odio. Quisque volutpat mattis eros. Nullam malesuada erat ut turpis.",
            "rating3": true,
            "details": {
              "features": [
                {
                  "name": "color",
                  "value": "red"
                },
                {
                  "name": "size",
                  "value": "M"
                },
                {
                  "name": "material",
                  "value": "Wool"
                }
              ],
              "list": [
                {
                  "text": "Minions ipsum hahaha jiji jeje potatoooo hahaha chasy hahaha me want bananaaa!"
                },
                {
                  "text": "Minions ipsum hahaha jiji jeje potatoooo hahaha chasy hahaha me want bananaaa!"
                },
                {
                  "text": "Minions ipsum hahaha jiji jeje potatoooo hahaha chasy hahaha me want bananaaa!"
                }
              ]
            },
            "gallery": {
              "list": [
                {
                  "thumbImage": "../../assets/img/blue-jacket.jpg",
                  "bigImage": "../../assets/img/blue-jacket.jpg"
                },
                {
                  "thumbImage": "../../assets/img/blue-shirt.jpg",
                  "bigImage": "../../assets/img/blue-shirt.jpg"
                },
                {
                  "thumbImage": "../../assets/img/blue-jacket.jpg",
                  "bigImage": "../../assets/img/blue-jacket.jpg"
                },
                {
                  "thumbImage": "../../assets/img/blue-shirt.jpg",
                  "bigImage": "../../assets/img/blue-shirt.jpg"
                }
              ]
            },
            "variant": {
              "name": "Enditatem Product Name Optional very long line two",
              "image": "../../assets/img/blue-jacket.jpg",
              "url": "pdp.html",
              "sku": "Sunrise #SUN123456",
              "priceOld": "100,00 €",
              "price": "49,00 €"
            },
            "variants": {
              "red-S": {
                "id": "variant1",
                "url": "pdp.html?var=1"
              },
              "red-M": {
                "id": "variant2",
                "url": "pdp.html?var=2"
              },
              "red-L": {
                "id": "variant3",
                "url": "pdp.html?var=3"
              },
              "blue-S": {
                "id": "variant4",
                "url": "pdp.html?var=4"
              },
              "blue-L": {
                "id": "variant5",
                "url": "pdp.html?var=5"
              },
              "green-S": {
                "id": "variant6",
                "url": "pdp.html?var=6"
              },
              "green-M": {
                "id": "variant7",
                "url": "pdp.html?var=7"
              }
            },
            "variantIdentifiers": [
              "color",
              "size"
            ],
            "attributes": [
              {
                "name": "Color",
                "key": "color",
                "reload": true,
                "list": [
                  {
                    "label": "Red",
                    "value": "red",
                    "selected": false
                  },
                  {
                    "label": "Navy Blue",
                    "value": "blue",
                    "selected": true
                  },
                  {
                    "label": "Green",
                    "value": "green",
                    "selected": false
                  }
                ],
                "selectData": {
                  "red": {
                    "size": [
                      "S",
                      "M",
                      "L"
                    ]
                  },
                  "blue": {
                    "size": [
                      "S",
                      "L"
                    ]
                  },
                  "green": {
                    "size": [
                      "S",
                      "M"
                    ]
                  }
                }
              },
              {
                "name": "Size",
                "key": "size",
                "list": [
                  {
                    "label": "S",
                    "value": "S",
                    "selected": false
                  },
                  {
                    "label": "M",
                    "value": "M",
                    "selected": true
                  },
                  {
                    "label": "L",
                    "value": "L",
                    "selected": false
                  }
                ],
                "selectData": {
                  "S": {
                    "color": [
                      "red",
                      "blue",
                      "green"
                    ]
                  },
                  "M": {
                    "color": [
                      "red",
                      "green"
                    ]
                  },
                  "L": {
                    "color": [
                      "red",
                      "blue"
                    ]
                  }
                }
              }
            ],
            "availability": "available",
            "topapplications": {
              "list": [
                {
                  "text": "Für den Einbau bei Renovationen oder Neubauten!"
                },
                {
                  "text": "Zum Austausch von Stand-WC mit aufgesetztem Aufputzspülkasten"
                },
                {
                  "text": "Zum Austausch tiefhängender Aufputzspülkasten"
                }
              ]
            },
            "productdescription": {
              "list": [
                {
                  "text": "Sanitärmodul mit Frontverkleidung aus Glas und Seitenverkleidung aus Aluminium gebürstet"
                },
                {
                  "text": "Aluminium gebürstet"
                },
                {
                  "text": "Selbsttragend"
                },
                {
                  "text": "Ausgleich von Bautoleranzen"
                },
                {
                  "text": "Höhenausgleich ± 1 cm"
                },
                {
                  "text": "2-Mengen-Spülung"
                },
                {
                  "text": "Spülmenge einstellbar"
                },
                {
                  "text": "Unterputzspülkasten schwitzwassergedämmt"
                },
                {
                  "text": "Wasseranschluss unten"
                },
                {
                  "text": "Wasseranschluss seitlich möglich"
                },
                {
                  "text": "Soft-Touch-Tasten für Spülauslösung und Geruchsabsaugung"
                },
                {
                  "text": "ComfortLight und Geruchsabsaugung aktivieren sich beim Herantreten"
                },
                {
                  "text": "ComfortLight in sieben Farben einstellbar"
                },
                {
                  "text": "Erfassungsbereich der Benutzererkennung einstellbar"
                },
                {
                  "text": "Tag- und Nachterkennung für ComfortLight einstellbar"
                },
                {
                  "text": "Geruchsabsaugung mit Filtration im Spülkasten integriert"
                },
                {
                  "text": "Automatisches Ausschalten der Geruchsabsaugung nach vordefinierter Laufzeit"
                },
                {
                  "text": "Netzanschluss mit dreiadriger flexibler Mantelleitung"
                }
              ]
            },
            "technicalData": {
              "list": [
                {
                  "attribute": "Masse",
                  "value": "101 cm x 48 cm x 10,6 cm"
                },
                {
                  "attribute": "Fliessdruck",
                  "value": "0,1-10 bar"
                },
                {
                  "attribute": "Maximale Betriebstemperatur Wasser",
                  "value": "25 °C"
                },
                {
                  "attribute": "Spülmenge Werkseinstellung",
                  "value": "6 und 3 l"
                },
                {
                  "attribute": "Grosse Spülmenge Einstellbereich",
                  "value": "4,5 / 6 l"
                },
                {
                  "attribute": "Nennspannung",
                  "value": "100-240 V AC"
                }
              ]
            },
            "applications": {
              "list": [
                {
                  "text": "Für den Einbau bei Renovationen oder Neubauten!"
                },
                {
                  "text": "Zum Austausch von Stand-WC mit aufgesetztem Aufputzspülkasten"
                },
                {
                  "text": "Zum Austausch tiefhängender Aufputzspülkasten"
                },
                {
                  "text": "Für den Einbau bei Renovationen oder Neubauten!"
                },
                {
                  "text": "Zum Austausch von Stand-WC mit aufgesetztem Aufputzspülkasten"
                },
                {
                  "text": "Zum Austausch tiefhängender Aufputzspülkasten"
                },
                {
                  "text": "Für den Einbau bei Renovationen oder Neubauten!"
                },
                {
                  "text": "Zum Austausch von Stand-WC mit aufgesetztem Aufputzspülkasten"
                },
                {
                  "text": "Zum Austausch tiefhängender Aufputzspülkasten"
                }
              ]
            },
            "deliveryContents": {
              "included": [
                {
                  "text": "Spülkastenelement mit Front- und Seitenverkleidung"
                },
                {
                  "text": "Wasseranschluss-Set unten, mit 2 Eckventilen"
                },
                {
                  "text": "Spülbogenverlängerung ø 160 mm"
                },
                {
                  "text": "P-Abgangsbogen, PP, ø 90 mm"
                },
                {
                  "text": "Übergangsmuffe, PE, ø 90/110 mm"
                },
                {
                  "text": "Gummimanschette EPDM"
                },
                {
                  "text": "Kupplungsbuchse für Netzanschluss"
                },
                {
                  "text": "Netzteil"
                },
                {
                  "text": "Befestigungsmaterial"
                }
              ],
              "notIncluded": "Geberit Kombinationsanschlussdose für Kombination mit Geberit AquaClean Sela bodenstehend."
            },
            "highlights": {
              "list": [
                {
                  "image": "../../assets/img/cms/u973.png",
                  "title": "LED-Beleuchtung",
                  "subtitle": "Comfort Light",
                  "text": "Die LED-Beleuchtung in sieben Farbvarianten schaltet sich automatisch ein, wenn man sich dem Geberit Monolith Plus nähert und sorgt so für Orientierung und eine angenehme Stimmung."
                }
              ]
            },
            "assembling": {
              "$ref": "pdp/product-assembling.json"
            }
          }
        },
        {
          "sale": true,
          "new": true,
          "moreColors": true,
          "product": {
            "productId": "85fdf3ce-06bf-4c85-af6e-e190a2633ad5",
            "variantId": 1,
            "description": "Lorem ipsum dolor sit amet, consectetuer adipiscing elit. Donec odio. Quisque volutpat mattis eros. Nullam malesuada erat ut turpis. Lorem ipsum dolor sit amet, consectetuer adipiscing elit. Donec odio. Quisque volutpat mattis eros. Nullam malesuada erat ut turpis. Lorem ipsum dolor sit amet, consectetuer adipiscing elit. Donec odio. Quisque volutpat mattis eros. Nullam malesuada erat ut turpis. Lorem ipsum dolor sit amet, consectetuer adipiscing elit. Donec odio. Quisque volutpat mattis eros. Nullam malesuada erat ut turpis.",
            "rating3": true,
            "details": {
              "features": [
                {
                  "name": "color",
                  "value": "red"
                },
                {
                  "name": "size",
                  "value": "M"
                },
                {
                  "name": "material",
                  "value": "Wool"
                }
              ],
              "list": [
                {
                  "text": "Minions ipsum hahaha jiji jeje potatoooo hahaha chasy hahaha me want bananaaa!"
                },
                {
                  "text": "Minions ipsum hahaha jiji jeje potatoooo hahaha chasy hahaha me want bananaaa!"
                },
                {
                  "text": "Minions ipsum hahaha jiji jeje potatoooo hahaha chasy hahaha me want bananaaa!"
                }
              ]
            },
            "gallery": {
              "list": [
                {
                  "thumbImage": "../../assets/img/blue-jacket.jpg",
                  "bigImage": "../../assets/img/blue-jacket.jpg"
                },
                {
                  "thumbImage": "../../assets/img/blue-shirt.jpg",
                  "bigImage": "../../assets/img/blue-shirt.jpg"
                },
                {
                  "thumbImage": "../../assets/img/blue-jacket.jpg",
                  "bigImage": "../../assets/img/blue-jacket.jpg"
                },
                {
                  "thumbImage": "../../assets/img/blue-shirt.jpg",
                  "bigImage": "../../assets/img/blue-shirt.jpg"
                }
              ]
            },
            "variant": {
              "name": "Enditatem Product Name Optional very long line two",
              "image": "../../assets/img/blue-jacket.jpg",
              "url": "pdp.html",
              "sku": "Sunrise #SUN123456",
              "priceOld": "100,00 €",
              "price": "49,00 €"
            },
            "variants": {
              "red-S": {
                "id": "variant1",
                "url": "pdp.html?var=1"
              },
              "red-M": {
                "id": "variant2",
                "url": "pdp.html?var=2"
              },
              "red-L": {
                "id": "variant3",
                "url": "pdp.html?var=3"
              },
              "blue-S": {
                "id": "variant4",
                "url": "pdp.html?var=4"
              },
              "blue-L": {
                "id": "variant5",
                "url": "pdp.html?var=5"
              },
              "green-S": {
                "id": "variant6",
                "url": "pdp.html?var=6"
              },
              "green-M": {
                "id": "variant7",
                "url": "pdp.html?var=7"
              }
            },
            "variantIdentifiers": [
              "color",
              "size"
            ],
            "attributes": [
              {
                "name": "Color",
                "key": "color",
                "reload": true,
                "list": [
                  {
                    "label": "Red",
                    "value": "red",
                    "selected": false
                  },
                  {
                    "label": "Navy Blue",
                    "value": "blue",
                    "selected": true
                  },
                  {
                    "label": "Green",
                    "value": "green",
                    "selected": false
                  }
                ],
                "selectData": {
                  "red": {
                    "size": [
                      "S",
                      "M",
                      "L"
                    ]
                  },
                  "blue": {
                    "size": [
                      "S",
                      "L"
                    ]
                  },
                  "green": {
                    "size": [
                      "S",
                      "M"
                    ]
                  }
                }
              },
              {
                "name": "Size",
                "key": "size",
                "list": [
                  {
                    "label": "S",
                    "value": "S",
                    "selected": false
                  },
                  {
                    "label": "M",
                    "value": "M",
                    "selected": true
                  },
                  {
                    "label": "L",
                    "value": "L",
                    "selected": false
                  }
                ],
                "selectData": {
                  "S": {
                    "color": [
                      "red",
                      "blue",
                      "green"
                    ]
                  },
                  "M": {
                    "color": [
                      "red",
                      "green"
                    ]
                  },
                  "L": {
                    "color": [
                      "red",
                      "blue"
                    ]
                  }
                }
              }
            ],
            "availability": "available",
            "topapplications": {
              "list": [
                {
                  "text": "Für den Einbau bei Renovationen oder Neubauten!"
                },
                {
                  "text": "Zum Austausch von Stand-WC mit aufgesetztem Aufputzspülkasten"
                },
                {
                  "text": "Zum Austausch tiefhängender Aufputzspülkasten"
                }
              ]
            },
            "productdescription": {
              "list": [
                {
                  "text": "Sanitärmodul mit Frontverkleidung aus Glas und Seitenverkleidung aus Aluminium gebürstet"
                },
                {
                  "text": "Aluminium gebürstet"
                },
                {
                  "text": "Selbsttragend"
                },
                {
                  "text": "Ausgleich von Bautoleranzen"
                },
                {
                  "text": "Höhenausgleich ± 1 cm"
                },
                {
                  "text": "2-Mengen-Spülung"
                },
                {
                  "text": "Spülmenge einstellbar"
                },
                {
                  "text": "Unterputzspülkasten schwitzwassergedämmt"
                },
                {
                  "text": "Wasseranschluss unten"
                },
                {
                  "text": "Wasseranschluss seitlich möglich"
                },
                {
                  "text": "Soft-Touch-Tasten für Spülauslösung und Geruchsabsaugung"
                },
                {
                  "text": "ComfortLight und Geruchsabsaugung aktivieren sich beim Herantreten"
                },
                {
                  "text": "ComfortLight in sieben Farben einstellbar"
                },
                {
                  "text": "Erfassungsbereich der Benutzererkennung einstellbar"
                },
                {
                  "text": "Tag- und Nachterkennung für ComfortLight einstellbar"
                },
                {
                  "text": "Geruchsabsaugung mit Filtration im Spülkasten integriert"
                },
                {
                  "text": "Automatisches Ausschalten der Geruchsabsaugung nach vordefinierter Laufzeit"
                },
                {
                  "text": "Netzanschluss mit dreiadriger flexibler Mantelleitung"
                }
              ]
            },
            "technicalData": {
              "list": [
                {
                  "attribute": "Masse",
                  "value": "101 cm x 48 cm x 10,6 cm"
                },
                {
                  "attribute": "Fliessdruck",
                  "value": "0,1-10 bar"
                },
                {
                  "attribute": "Maximale Betriebstemperatur Wasser",
                  "value": "25 °C"
                },
                {
                  "attribute": "Spülmenge Werkseinstellung",
                  "value": "6 und 3 l"
                },
                {
                  "attribute": "Grosse Spülmenge Einstellbereich",
                  "value": "4,5 / 6 l"
                },
                {
                  "attribute": "Nennspannung",
                  "value": "100-240 V AC"
                }
              ]
            },
            "applications": {
              "list": [
                {
                  "text": "Für den Einbau bei Renovationen oder Neubauten!"
                },
                {
                  "text": "Zum Austausch von Stand-WC mit aufgesetztem Aufputzspülkasten"
                },
                {
                  "text": "Zum Austausch tiefhängender Aufputzspülkasten"
                },
                {
                  "text": "Für den Einbau bei Renovationen oder Neubauten!"
                },
                {
                  "text": "Zum Austausch von Stand-WC mit aufgesetztem Aufputzspülkasten"
                },
                {
                  "text": "Zum Austausch tiefhängender Aufputzspülkasten"
                },
                {
                  "text": "Für den Einbau bei Renovationen oder Neubauten!"
                },
                {
                  "text": "Zum Austausch von Stand-WC mit aufgesetztem Aufputzspülkasten"
                },
                {
                  "text": "Zum Austausch tiefhängender Aufputzspülkasten"
                }
              ]
            },
            "deliveryContents": {
              "included": [
                {
                  "text": "Spülkastenelement mit Front- und Seitenverkleidung"
                },
                {
                  "text": "Wasseranschluss-Set unten, mit 2 Eckventilen"
                },
                {
                  "text": "Spülbogenverlängerung ø 160 mm"
                },
                {
                  "text": "P-Abgangsbogen, PP, ø 90 mm"
                },
                {
                  "text": "Übergangsmuffe, PE, ø 90/110 mm"
                },
                {
                  "text": "Gummimanschette EPDM"
                },
                {
                  "text": "Kupplungsbuchse für Netzanschluss"
                },
                {
                  "text": "Netzteil"
                },
                {
                  "text": "Befestigungsmaterial"
                }
              ],
              "notIncluded": "Geberit Kombinationsanschlussdose für Kombination mit Geberit AquaClean Sela bodenstehend."
            },
            "highlights": {
              "list": [
                {
                  "image": "../../assets/img/cms/u973.png",
                  "title": "LED-Beleuchtung",
                  "subtitle": "Comfort Light",
                  "text": "Die LED-Beleuchtung in sieben Farbvarianten schaltet sich automatisch ein, wenn man sich dem Geberit Monolith Plus nähert und sorgt so für Orientierung und eine angenehme Stimmung."
                }
              ]
            },
            "assembling": {
              "$ref": "pdp/product-assembling.json"
            }
          }
        },
        {
          "sale": true,
          "new": true,
          "moreColors": true,
          "product": {
            "productId": "85fdf3ce-06bf-4c85-af6e-e190a2633ad5",
            "variantId": 1,
            "description": "Lorem ipsum dolor sit amet, consectetuer adipiscing elit. Donec odio. Quisque volutpat mattis eros. Nullam malesuada erat ut turpis. Lorem ipsum dolor sit amet, consectetuer adipiscing elit. Donec odio. Quisque volutpat mattis eros. Nullam malesuada erat ut turpis. Lorem ipsum dolor sit amet, consectetuer adipiscing elit. Donec odio. Quisque volutpat mattis eros. Nullam malesuada erat ut turpis. Lorem ipsum dolor sit amet, consectetuer adipiscing elit. Donec odio. Quisque volutpat mattis eros. Nullam malesuada erat ut turpis.",
            "rating3": true,
            "details": {
              "features": [
                {
                  "name": "color",
                  "value": "red"
                },
                {
                  "name": "size",
                  "value": "M"
                },
                {
                  "name": "material",
                  "value": "Wool"
                }
              ],
              "list": [
                {
                  "text": "Minions ipsum hahaha jiji jeje potatoooo hahaha chasy hahaha me want bananaaa!"
                },
                {
                  "text": "Minions ipsum hahaha jiji jeje potatoooo hahaha chasy hahaha me want bananaaa!"
                },
                {
                  "text": "Minions ipsum hahaha jiji jeje potatoooo hahaha chasy hahaha me want bananaaa!"
                }
              ]
            },
            "gallery": {
              "list": [
                {
                  "thumbImage": "../../assets/img/blue-jacket.jpg",
                  "bigImage": "../../assets/img/blue-jacket.jpg"
                },
                {
                  "thumbImage": "../../assets/img/blue-shirt.jpg",
                  "bigImage": "../../assets/img/blue-shirt.jpg"
                },
                {
                  "thumbImage": "../../assets/img/blue-jacket.jpg",
                  "bigImage": "../../assets/img/blue-jacket.jpg"
                },
                {
                  "thumbImage": "../../assets/img/blue-shirt.jpg",
                  "bigImage": "../../assets/img/blue-shirt.jpg"
                }
              ]
            },
            "variant": {
              "name": "Enditatem Product Name Optional very long line two",
              "image": "../../assets/img/blue-jacket.jpg",
              "url": "pdp.html",
              "sku": "Sunrise #SUN123456",
              "priceOld": "100,00 €",
              "price": "49,00 €"
            },
            "variants": {
              "red-S": {
                "id": "variant1",
                "url": "pdp.html?var=1"
              },
              "red-M": {
                "id": "variant2",
                "url": "pdp.html?var=2"
              },
              "red-L": {
                "id": "variant3",
                "url": "pdp.html?var=3"
              },
              "blue-S": {
                "id": "variant4",
                "url": "pdp.html?var=4"
              },
              "blue-L": {
                "id": "variant5",
                "url": "pdp.html?var=5"
              },
              "green-S": {
                "id": "variant6",
                "url": "pdp.html?var=6"
              },
              "green-M": {
                "id": "variant7",
                "url": "pdp.html?var=7"
              }
            },
            "variantIdentifiers": [
              "color",
              "size"
            ],
            "attributes": [
              {
                "name": "Color",
                "key": "color",
                "reload": true,
                "list": [
                  {
                    "label": "Red",
                    "value": "red",
                    "selected": false
                  },
                  {
                    "label": "Navy Blue",
                    "value": "blue",
                    "selected": true
                  },
                  {
                    "label": "Green",
                    "value": "green",
                    "selected": false
                  }
                ],
                "selectData": {
                  "red": {
                    "size": [
                      "S",
                      "M",
                      "L"
                    ]
                  },
                  "blue": {
                    "size": [
                      "S",
                      "L"
                    ]
                  },
                  "green": {
                    "size": [
                      "S",
                      "M"
                    ]
                  }
                }
              },
              {
                "name": "Size",
                "key": "size",
                "list": [
                  {
                    "label": "S",
                    "value": "S",
                    "selected": false
                  },
                  {
                    "label": "M",
                    "value": "M",
                    "selected": true
                  },
                  {
                    "label": "L",
                    "value": "L",
                    "selected": false
                  }
                ],
                "selectData": {
                  "S": {
                    "color": [
                      "red",
                      "blue",
                      "green"
                    ]
                  },
                  "M": {
                    "color": [
                      "red",
                      "green"
                    ]
                  },
                  "L": {
                    "color": [
                      "red",
                      "blue"
                    ]
                  }
                }
              }
            ],
            "availability": "available",
            "topapplications": {
              "list": [
                {
                  "text": "Für den Einbau bei Renovationen oder Neubauten!"
                },
                {
                  "text": "Zum Austausch von Stand-WC mit aufgesetztem Aufputzspülkasten"
                },
                {
                  "text": "Zum Austausch tiefhängender Aufputzspülkasten"
                }
              ]
            },
            "productdescription": {
              "list": [
                {
                  "text": "Sanitärmodul mit Frontverkleidung aus Glas und Seitenverkleidung aus Aluminium gebürstet"
                },
                {
                  "text": "Aluminium gebürstet"
                },
                {
                  "text": "Selbsttragend"
                },
                {
                  "text": "Ausgleich von Bautoleranzen"
                },
                {
                  "text": "Höhenausgleich ± 1 cm"
                },
                {
                  "text": "2-Mengen-Spülung"
                },
                {
                  "text": "Spülmenge einstellbar"
                },
                {
                  "text": "Unterputzspülkasten schwitzwassergedämmt"
                },
                {
                  "text": "Wasseranschluss unten"
                },
                {
                  "text": "Wasseranschluss seitlich möglich"
                },
                {
                  "text": "Soft-Touch-Tasten für Spülauslösung und Geruchsabsaugung"
                },
                {
                  "text": "ComfortLight und Geruchsabsaugung aktivieren sich beim Herantreten"
                },
                {
                  "text": "ComfortLight in sieben Farben einstellbar"
                },
                {
                  "text": "Erfassungsbereich der Benutzererkennung einstellbar"
                },
                {
                  "text": "Tag- und Nachterkennung für ComfortLight einstellbar"
                },
                {
                  "text": "Geruchsabsaugung mit Filtration im Spülkasten integriert"
                },
                {
                  "text": "Automatisches Ausschalten der Geruchsabsaugung nach vordefinierter Laufzeit"
                },
                {
                  "text": "Netzanschluss mit dreiadriger flexibler Mantelleitung"
                }
              ]
            },
            "technicalData": {
              "list": [
                {
                  "attribute": "Masse",
                  "value": "101 cm x 48 cm x 10,6 cm"
                },
                {
                  "attribute": "Fliessdruck",
                  "value": "0,1-10 bar"
                },
                {
                  "attribute": "Maximale Betriebstemperatur Wasser",
                  "value": "25 °C"
                },
                {
                  "attribute": "Spülmenge Werkseinstellung",
                  "value": "6 und 3 l"
                },
                {
                  "attribute": "Grosse Spülmenge Einstellbereich",
                  "value": "4,5 / 6 l"
                },
                {
                  "attribute": "Nennspannung",
                  "value": "100-240 V AC"
                }
              ]
            },
            "applications": {
              "list": [
                {
                  "text": "Für den Einbau bei Renovationen oder Neubauten!"
                },
                {
                  "text": "Zum Austausch von Stand-WC mit aufgesetztem Aufputzspülkasten"
                },
                {
                  "text": "Zum Austausch tiefhängender Aufputzspülkasten"
                },
                {
                  "text": "Für den Einbau bei Renovationen oder Neubauten!"
                },
                {
                  "text": "Zum Austausch von Stand-WC mit aufgesetztem Aufputzspülkasten"
                },
                {
                  "text": "Zum Austausch tiefhängender Aufputzspülkasten"
                },
                {
                  "text": "Für den Einbau bei Renovationen oder Neubauten!"
                },
                {
                  "text": "Zum Austausch von Stand-WC mit aufgesetztem Aufputzspülkasten"
                },
                {
                  "text": "Zum Austausch tiefhängender Aufputzspülkasten"
                }
              ]
            },
            "deliveryContents": {
              "included": [
                {
                  "text": "Spülkastenelement mit Front- und Seitenverkleidung"
                },
                {
                  "text": "Wasseranschluss-Set unten, mit 2 Eckventilen"
                },
                {
                  "text": "Spülbogenverlängerung ø 160 mm"
                },
                {
                  "text": "P-Abgangsbogen, PP, ø 90 mm"
                },
                {
                  "text": "Übergangsmuffe, PE, ø 90/110 mm"
                },
                {
                  "text": "Gummimanschette EPDM"
                },
                {
                  "text": "Kupplungsbuchse für Netzanschluss"
                },
                {
                  "text": "Netzteil"
                },
                {
                  "text": "Befestigungsmaterial"
                }
              ],
              "notIncluded": "Geberit Kombinationsanschlussdose für Kombination mit Geberit AquaClean Sela bodenstehend."
            },
            "highlights": {
              "list": [
                {
                  "image": "../../assets/img/cms/u973.png",
                  "title": "LED-Beleuchtung",
                  "subtitle": "Comfort Light",
                  "text": "Die LED-Beleuchtung in sieben Farbvarianten schaltet sich automatisch ein, wenn man sich dem Geberit Monolith Plus nähert und sorgt so für Orientierung und eine angenehme Stimmung."
                }
              ]
            },
            "assembling": {
              "$ref": "pdp/product-assembling.json"
            }
          }
        },
        {
          "sale": true,
          "new": true,
          "moreColors": true,
          "product": {
            "productId": "85fdf3ce-06bf-4c85-af6e-e190a2633ad5",
            "variantId": 1,
            "description": "Lorem ipsum dolor sit amet, consectetuer adipiscing elit. Donec odio. Quisque volutpat mattis eros. Nullam malesuada erat ut turpis. Lorem ipsum dolor sit amet, consectetuer adipiscing elit. Donec odio. Quisque volutpat mattis eros. Nullam malesuada erat ut turpis. Lorem ipsum dolor sit amet, consectetuer adipiscing elit. Donec odio. Quisque volutpat mattis eros. Nullam malesuada erat ut turpis. Lorem ipsum dolor sit amet, consectetuer adipiscing elit. Donec odio. Quisque volutpat mattis eros. Nullam malesuada erat ut turpis.",
            "rating3": true,
            "details": {
              "features": [
                {
                  "name": "color",
                  "value": "red"
                },
                {
                  "name": "size",
                  "value": "M"
                },
                {
                  "name": "material",
                  "value": "Wool"
                }
              ],
              "list": [
                {
                  "text": "Minions ipsum hahaha jiji jeje potatoooo hahaha chasy hahaha me want bananaaa!"
                },
                {
                  "text": "Minions ipsum hahaha jiji jeje potatoooo hahaha chasy hahaha me want bananaaa!"
                },
                {
                  "text": "Minions ipsum hahaha jiji jeje potatoooo hahaha chasy hahaha me want bananaaa!"
                }
              ]
            },
            "gallery": {
              "list": [
                {
                  "thumbImage": "../../assets/img/blue-jacket.jpg",
                  "bigImage": "../../assets/img/blue-jacket.jpg"
                },
                {
                  "thumbImage": "../../assets/img/blue-shirt.jpg",
                  "bigImage": "../../assets/img/blue-shirt.jpg"
                },
                {
                  "thumbImage": "../../assets/img/blue-jacket.jpg",
                  "bigImage": "../../assets/img/blue-jacket.jpg"
                },
                {
                  "thumbImage": "../../assets/img/blue-shirt.jpg",
                  "bigImage": "../../assets/img/blue-shirt.jpg"
                }
              ]
            },
            "variant": {
              "name": "Enditatem Product Name Optional very long line two",
              "image": "../../assets/img/blue-jacket.jpg",
              "url": "pdp.html",
              "sku": "Sunrise #SUN123456",
              "priceOld": "100,00 €",
              "price": "49,00 €"
            },
            "variants": {
              "red-S": {
                "id": "variant1",
                "url": "pdp.html?var=1"
              },
              "red-M": {
                "id": "variant2",
                "url": "pdp.html?var=2"
              },
              "red-L": {
                "id": "variant3",
                "url": "pdp.html?var=3"
              },
              "blue-S": {
                "id": "variant4",
                "url": "pdp.html?var=4"
              },
              "blue-L": {
                "id": "variant5",
                "url": "pdp.html?var=5"
              },
              "green-S": {
                "id": "variant6",
                "url": "pdp.html?var=6"
              },
              "green-M": {
                "id": "variant7",
                "url": "pdp.html?var=7"
              }
            },
            "variantIdentifiers": [
              "color",
              "size"
            ],
            "attributes": [
              {
                "name": "Color",
                "key": "color",
                "reload": true,
                "list": [
                  {
                    "label": "Red",
                    "value": "red",
                    "selected": false
                  },
                  {
                    "label": "Navy Blue",
                    "value": "blue",
                    "selected": true
                  },
                  {
                    "label": "Green",
                    "value": "green",
                    "selected": false
                  }
                ],
                "selectData": {
                  "red": {
                    "size": [
                      "S",
                      "M",
                      "L"
                    ]
                  },
                  "blue": {
                    "size": [
                      "S",
                      "L"
                    ]
                  },
                  "green": {
                    "size": [
                      "S",
                      "M"
                    ]
                  }
                }
              },
              {
                "name": "Size",
                "key": "size",
                "list": [
                  {
                    "label": "S",
                    "value": "S",
                    "selected": false
                  },
                  {
                    "label": "M",
                    "value": "M",
                    "selected": true
                  },
                  {
                    "label": "L",
                    "value": "L",
                    "selected": false
                  }
                ],
                "selectData": {
                  "S": {
                    "color": [
                      "red",
                      "blue",
                      "green"
                    ]
                  },
                  "M": {
                    "color": [
                      "red",
                      "green"
                    ]
                  },
                  "L": {
                    "color": [
                      "red",
                      "blue"
                    ]
                  }
                }
              }
            ],
            "availability": "available",
            "topapplications": {
              "list": [
                {
                  "text": "Für den Einbau bei Renovationen oder Neubauten!"
                },
                {
                  "text": "Zum Austausch von Stand-WC mit aufgesetztem Aufputzspülkasten"
                },
                {
                  "text": "Zum Austausch tiefhängender Aufputzspülkasten"
                }
              ]
            },
            "productdescription": {
              "list": [
                {
                  "text": "Sanitärmodul mit Frontverkleidung aus Glas und Seitenverkleidung aus Aluminium gebürstet"
                },
                {
                  "text": "Aluminium gebürstet"
                },
                {
                  "text": "Selbsttragend"
                },
                {
                  "text": "Ausgleich von Bautoleranzen"
                },
                {
                  "text": "Höhenausgleich ± 1 cm"
                },
                {
                  "text": "2-Mengen-Spülung"
                },
                {
                  "text": "Spülmenge einstellbar"
                },
                {
                  "text": "Unterputzspülkasten schwitzwassergedämmt"
                },
                {
                  "text": "Wasseranschluss unten"
                },
                {
                  "text": "Wasseranschluss seitlich möglich"
                },
                {
                  "text": "Soft-Touch-Tasten für Spülauslösung und Geruchsabsaugung"
                },
                {
                  "text": "ComfortLight und Geruchsabsaugung aktivieren sich beim Herantreten"
                },
                {
                  "text": "ComfortLight in sieben Farben einstellbar"
                },
                {
                  "text": "Erfassungsbereich der Benutzererkennung einstellbar"
                },
                {
                  "text": "Tag- und Nachterkennung für ComfortLight einstellbar"
                },
                {
                  "text": "Geruchsabsaugung mit Filtration im Spülkasten integriert"
                },
                {
                  "text": "Automatisches Ausschalten der Geruchsabsaugung nach vordefinierter Laufzeit"
                },
                {
                  "text": "Netzanschluss mit dreiadriger flexibler Mantelleitung"
                }
              ]
            },
            "technicalData": {
              "list": [
                {
                  "attribute": "Masse",
                  "value": "101 cm x 48 cm x 10,6 cm"
                },
                {
                  "attribute": "Fliessdruck",
                  "value": "0,1-10 bar"
                },
                {
                  "attribute": "Maximale Betriebstemperatur Wasser",
                  "value": "25 °C"
                },
                {
                  "attribute": "Spülmenge Werkseinstellung",
                  "value": "6 und 3 l"
                },
                {
                  "attribute": "Grosse Spülmenge Einstellbereich",
                  "value": "4,5 / 6 l"
                },
                {
                  "attribute": "Nennspannung",
                  "value": "100-240 V AC"
                }
              ]
            },
            "applications": {
              "list": [
                {
                  "text": "Für den Einbau bei Renovationen oder Neubauten!"
                },
                {
                  "text": "Zum Austausch von Stand-WC mit aufgesetztem Aufputzspülkasten"
                },
                {
                  "text": "Zum Austausch tiefhängender Aufputzspülkasten"
                },
                {
                  "text": "Für den Einbau bei Renovationen oder Neubauten!"
                },
                {
                  "text": "Zum Austausch von Stand-WC mit aufgesetztem Aufputzspülkasten"
                },
                {
                  "text": "Zum Austausch tiefhängender Aufputzspülkasten"
                },
                {
                  "text": "Für den Einbau bei Renovationen oder Neubauten!"
                },
                {
                  "text": "Zum Austausch von Stand-WC mit aufgesetztem Aufputzspülkasten"
                },
                {
                  "text": "Zum Austausch tiefhängender Aufputzspülkasten"
                }
              ]
            },
            "deliveryContents": {
              "included": [
                {
                  "text": "Spülkastenelement mit Front- und Seitenverkleidung"
                },
                {
                  "text": "Wasseranschluss-Set unten, mit 2 Eckventilen"
                },
                {
                  "text": "Spülbogenverlängerung ø 160 mm"
                },
                {
                  "text": "P-Abgangsbogen, PP, ø 90 mm"
                },
                {
                  "text": "Übergangsmuffe, PE, ø 90/110 mm"
                },
                {
                  "text": "Gummimanschette EPDM"
                },
                {
                  "text": "Kupplungsbuchse für Netzanschluss"
                },
                {
                  "text": "Netzteil"
                },
                {
                  "text": "Befestigungsmaterial"
                }
              ],
              "notIncluded": "Geberit Kombinationsanschlussdose für Kombination mit Geberit AquaClean Sela bodenstehend."
            },
            "highlights": {
              "list": [
                {
                  "image": "../../assets/img/cms/u973.png",
                  "title": "LED-Beleuchtung",
                  "subtitle": "Comfort Light",
                  "text": "Die LED-Beleuchtung in sieben Farbvarianten schaltet sich automatisch ein, wenn man sich dem Geberit Monolith Plus nähert und sorgt so für Orientierung und eine angenehme Stimmung."
                }
              ]
            },
            "assembling": {
              "$ref": "pdp/product-assembling.json"
            }
          }
        }
      ]
    },
    "viewMore": {
      "list": [
        {
          "name": "Knitwear",
          "url": ""
        },
        {
          "name": "Mix & Match",
          "url": ""
        },
        {
          "name": "Patns",
          "url": ""
        },
        {
          "name": "Shorts",
          "url": ""
        }
      ]
    }
  },
  "meta": {
    "assetsPath": "../../assets/",
    "csrfToken": "Test123",
    "bagQuantityOptions": [
      1,
      2,
      3,
      4,
      5,
      6,
      7,
      8,
      9
    ],
    "_links": {
      "self": {
        "href": "#"
      },
      "selectLanguage": {
        "href": "language.html"
      },
      "selectCountry": {
        "href": "country.html"
      },
      "newsletter": {
        "href": "newsletter.html"
      },
      "contactUs": {
        "href": "contactus.html"
      },
      "help": {
        "href": "help.html"
      },
      "shipping": {
        "href": "shipping.html"
      },
      "returns": {
        "href": "returns.html"
      },
      "sizeGuide": {
        "href": "sizeguide.html"
      },
      "ourStory": {
        "href": "ourstory.html"
      },
      "careers": {
        "href": "careers.html"
      },
      "storeLocator": {
        "href": "stores.html"
      },
      "giftCards": {
        "href": "giftcards.html"
      },
      "payment": {
        "href": "payment.html"
      },
      "imprint": {
        "href": "imprint.html"
      },
      "privacyPolicy": {
        "href": "privacy.html"
      },
      "termsOfUse": {
        "href": "terms.html"
      },
      "home": {
        "href": "home.html"
      },
      "newProducts": {
        "href": "pop.html"
      },
      "search": {
        "href": "pop.html"
      },
      "addToCart": {
        "href": "cart.html"
      },
      "addToWishlist": {
        "href": "wishlist.html"
      },
      "addReview": {
        "href": "pdp.html"
      },
      "signIn": {
        "href": "my-account-login.html"
      },
      "logInSubmit": {
        "href": "my-account-personal-details.html"
      },
      "signUpSubmit": {
        "href": "my-account-personal-details.html"
      },
      "myAccount": {
        "href": "my-account-personal-details.html"
      },
      "myPersonalDetails": {
        "href": "my-account-personal-details.html"
      },
      "changePassword": {
        "href": "my-account-change-password.html"
      },
      "myAddressBook": {
        "href": "my-account-address-book.html"
      },
      "myAddressBookAddAddress": {
        "href": "my-account-new-address.html"
      },
      "myAddressBookAddAddressSubmit": {
        "href": "my-account-address-book.html"
      },
      "myAddressBookEditAddressSubmit": {
        "href": "my-account-address-book.html"
      },
      "myOrders": {
        "href": "my-account-my-orders.html"
      },
      "checkout": {
        "href": "checkout-shipping.html"
      },
      "checkoutConfirmation": {
        "href": "checkout-confirmation.html"
      },
      "checkoutConfirmationSubmit": {
        "href": "checkout-thankyou.html"
      },
      "checkoutThankYou": {
        "href": "checkout-thankyou.html"
      },
      "cart": {
        "href": "cart.html"
      },
      "deleteLineItem": {
        "href": "cart.html"
      },
      "changeLineItem": {
        "href": "cart.html"
      },
      "editShippingAddress": {
        "href": "checkout-shipping.html"
      },
      "editBillingAddress": {
        "href": "checkout-shipping.html"
      },
      "checkoutAddressesSubmit": {
        "href": "checkout-payment.html"
      },
      "editPaymentInfo": {
        "href": "checkout-payment.html"
      },
      "checkoutPaymentSubmit": {
        "href": "checkout-confirmation.html"
      },
      "editShippingMethod": {
        "href": "checkout-shipping.html#shipping-methods-setting"
      },
      "continueShopping": {
        "href": "pop.html"
      }
    },
    "features": {
      "myAccount": {
        "active": false
      },
      "cartDiscounts": {
        "active": false
      }
    }
  }
}