{
	"hierarchicalSelectFacet" : true,
	"facet" : {
		"countHidden" : false,
		"available" : true,
		"label" : "Product Type",
		"key" : "product-type",
		"limitedOptions" : [
			{
				"label" : "Clothing",
				"value" : "clothing",
				"count" : "900",
				"children" : [
					{
						"label" : "Shirts",
						"value" : "shirts",
						"count" : "300",
						"children" : [
							{
								"label" : "T-shirts",
								"value" : "tshirts",
								"count" : "150"
							},
							{
								"label" : "Poloshirts",
								"value" : "poloshirts",
								"count" : "150",
								"selected" : true
							}
						]
					},
					{
						"label" : "Jeans",
						"value" : "jeans",
						"count" : "200"
					},
					{
						"label" : "Shirts",
						"value" : "shirts",
						"count" : "200"
					},
					{
						"label" : "Jackets",
						"value" : "jackets",
						"count" : "200"
					}

				]
			},
			{
				"label" : "Shoes",
				"value" : "shoes",
				"count" : "20"
			},
			{
				"label" : "Accessories",
				"value" : "accessories",
				"count" : "5"
			}
		]
	}
}
